,X,Y,type,B1,B4,B7,Ag,B,Al2O3,As,Au,Ba,Be,Bi,CaO,Cd,Co,Cr,Cu,F,Fe2O3,Hg,K2O,La,Li,MgO,Mn,Mo,Na2O,Nb,Ni,P,Pb,Sb,SiO2,Sn,Sr,Th,Ti,U,V,W,Y2,Zn,Zr,Gravity,Magnetic
0,414000,4690000,0,13235,14102,14612,55.5708008,10.2467003,13.9951,2.1417699,0.348913,612.6749878,1.38316,0.082498,3.83337,79.2810974,11.9540005,45.8261986,29.3757992,339.3540039,4.6265402,10.1422005,2.35815,18.4813995,14.8322001,2.9623301,673.7219849,0.672499,4.3607202,6.9352798,22.8918991,866.0109863,7.3390698,0.221783,64.1776962,1.19358,486.1589966,4.1710701,4382.209961,1.54751,117.1819992,0.424991,16.6784,43.0723,139.0339966,-135.2389984,94.5328979
1,413000,4689000,0,12520,11902,11733,54,11,16.0799999,2.2,0.2,515,1,0.06,5.1999998,80,17.8999996,97,44,330,6.5,10,1.75,17,16.1000004,4.7800002,892,0.56,4.5599999,8.1000004,43.0999985,1127,5.5999999,0.18,55.3400002,1.3,573,1.6,6800,1.95,185,0.4,22.5,42,130,-135.0700073,129.1179962
2,414000,4689000,0,12726,12449,12880,55.0620995,10.2151003,14.842,2.4035201,0.346144,594.1690063,1.42559,0.119725,4.1562099,83.1736984,12.5471001,48.6867981,32.1194992,347.8439941,5.1034398,11.3540001,2.2737999,16.6450996,15.4083004,3.1175301,738.9589844,0.665761,4.3523502,7.57969,22.8332996,913.0750122,8.2309904,0.231472,61.280201,1.22922,513.9639893,4.45823,4780.839844,1.6676,136.9459991,0.479909,20.5487003,43.7444,134.2120056,-135.1909943,124.9509964
3,414000,4688000,0,12474,12133,12485,52.2859993,10.7077999,15.1869001,2.4982901,0.29248,640.6060181,1.51388,0.151773,3.67433,81.0698013,10.5288,38.3142014,29.2327995,356.0660095,5.03967,9.8924303,2.4238801,15.7139997,14.8106003,2.74441,740.7189941,0.705358,4.3660598,7.54986,19.0657997,876.2280273,8.2138996,0.252856,62.1679001,1.26428,497.9079895,3.94259,4461.640137,1.57038,124.9660034,0.508199,21.8925991,44.7851982,136.1779938,-134.7510071,156.6269989
4,415000,4688000,0,12174,11980,12176,52.0121002,8.92871,15.7788,2.1250701,0.361856,637.8499756,1.65439,0.200297,3.5420799,88.2068024,9.8509197,29.1735001,28.1313992,374.2460022,4.9540501,11.6220999,2.5752599,17.0779991,15.1475,2.39768,724.8120117,0.709902,4.4140201,7.9766598,15.1513004,842.572998,9.0879698,0.252493,63.2284012,1.2992001,435.0369873,4.5619602,4301.5,1.48043,120.935997,0.55036,22.5681,46.2268982,140.0670013,-134.3170013,164.8869934
5,414000,4687000,0,12120,12453,13095,48.4655991,10.7953997,15.3590002,2.53246,0.247381,678.1569824,1.54742,0.157618,3.2830901,78.7316971,8.6920605,28.7115002,27.2616997,369.1099854,5.0528998,9.0408096,2.55234,15.1989002,14.2625999,2.4047,746.3060303,0.745335,4.3779602,7.6697502,15.6033001,868.3189697,8.0300798,0.283953,62.5196991,1.28759,481.67099,3.2751801,4274.410156,1.49388,117.3420029,0.537057,23.1133995,45.7373009,137.6210022,-134.3939972,177.1150055
6,425000,4681000,0,11373,10394,12079,52,11,13.79,3.8,1,586,1.3,0.34,3.75,120,11,33.2999992,37.2000008,444,5.4099998,10,2.3,16.3999996,19,2.1900001,1000,0.52,4.2800002,14.3999996,14.8999996,973,6.6999998,0.2,60.5,1.1,356,2.4000001,4890,1.5,119,0.8,32.4000015,77,207,-129.2319946,249.5720062
7,426000,4681000,0,11349,10412,12617,53.4154015,12.9365997,13.9442997,5.1347899,2.0831599,577.7009888,1.45549,0.312532,3.8786399,90.4908981,11.9758997,39.3931999,39.3353004,483.5169983,5.52001,9.8568001,2.31479,17.2236996,21.5140991,2.3106999,970.9240112,0.602467,4.0266299,14.6618004,17.6380005,974.3779907,7.34338,0.1877,62.1805,1.15081,365.2109985,3.0502601,4701.169922,1.7379,121.8059998,0.822154,33.8639984,73.523201,199.1000061,-130.9490051,252.8569946
8,427000,4681000,0,11521,10643,12744,53,11.5,13.0799999,6.0999999,3.9000001,516,1.7,0.3,4,100,10.8999996,39.5999985,31.7000008,454,4.8600001,10,2.3599999,17,20.8999996,2.1099999,862,0.6,3.8099999,14.1000004,16.3999996,804,8.1999998,0.17,62.5600014,1.2,347,3.9000001,3960,2.0999999,103,0.79,35.9000015,61.7000008,219,-131.753006,251.4429932
9,428000,4681000,0,11530,10769,12746,54.6773987,13.3778,13.7869997,7.1901102,2.22171,584.6569824,1.57055,0.317841,3.60642,76.6903,11.8115997,40.1136017,39.6417999,499.4670105,5.5108399,9.79671,2.35636,17.1068993,23.3848,2.29375,951.2639771,0.673413,3.9126401,14.4335003,18.0877991,973.1560059,7.95754,0.189954,62.7957001,1.17562,356.4070129,3.5369599,4511.629883,1.87605,118.6539993,0.841242,34.2075005,70.2314987,191.1239929,-133.8760071,249.3009949
10,300000,4674000,0,12433,11449,14346,45.6451988,31.7138004,11.6431999,4.7427802,0.898286,537.4160156,1.92465,0.173219,4.0721798,72.5009995,8.8098402,44.8165016,12.5634003,445.1470032,3.4619501,23.4967995,2.85903,23.9302998,17.7931004,2.08729,482.5130005,1.04825,3.6317999,8.21418,18.0797997,523.8280029,13.9575996,0.511047,68.1576996,2.1321599,313.7099915,6.67904,3240.810059,1.71289,60.780201,0.85856,20.4641991,35.6777,170.2180023,-136.1820068,-73.6418991
11,301000,4674000,0,12511,11609,15299,46.9623985,35.8703003,11.6248999,5.09902,0.961137,486.7579956,1.92589,0.184659,4.5057302,79.6057968,9.4179802,50.3041992,13.7312002,438.0840149,3.61409,25.4034996,2.7427499,21.5986996,17.1557999,2.35149,488.2780151,2.5418,3.63113,8.5570097,20.7350006,566.2979736,12.7468004,0.584855,66.592598,2.0448599,337.4360046,6.5397,3439.590088,1.78851,66.8733978,0.926339,20.8484001,36.1330986,161.7720032,-136.1029968,-84.3915024
12,299000,4673000,0,13005,12506,13713,48,27,11.3000002,4,0.72,555,1.85,0.17,2.75,90,5.4000001,26,10.1000004,500,2.6400001,8,3,27,16.5,1.22,369,1.03,3.4200001,8,10.8000002,412,16,0.37,73.8899994,1.8,260,8,2445,1.39,44,0.73,20,30,170,-139.5379944,-97.6188965
13,300000,4673000,0,12918,11933,12046,52.1213989,31.9631996,11.2707005,4.7718801,0.987898,514.3670044,2.0037799,0.202479,3.30041,80.4718018,6.04884,33.6579018,10.6886997,426.1340027,2.7899001,14.8206997,3.20415,23.5217991,17.7215996,1.6093,379.3500061,2.58442,3.6196301,9.0641098,12.8905001,455.3720093,15.2694998,0.507899,70.1091003,2.1788299,305.2600098,8.1919899,2595.030029,1.83428,46.7859993,0.845916,21.2866993,29.7154999,157.4720001,-139.8840027,-109.3199997
14,301000,4673000,0,13179,13252,16091,67,44,11.3100004,6,1.8,506,2,0.21,3.8499999,110,5.4000001,31,11.3000002,440,2.79,14,3.1500001,23,16.8999996,1.73,341,1.59,3.8900001,9,11.8000002,515,12,0.68,68.0899963,1.9,393,9,2803,2.5,45,1.1,22,28,161,-139.1829987,-112.7590027
15,299000,4672000,0,12790,12227,15079,48.9846001,21.7415009,10.7278004,4.3760099,0.589215,471.3630066,2.16502,0.230594,2.4052501,64.0330963,4.8443999,28.1963997,9.4316101,353.321991,2.27563,11.6414003,3.60941,22.2087994,18.6714993,1.2611001,333.1350098,0.861965,3.50915,10.1548996,10.9687996,375.4419861,18.3684006,0.396326,70.660202,2.6891501,233.9530029,9.1621199,1967.530029,1.73607,35.3129005,0.692026,22.5571003,23.9911995,137.6029968,-141.7559967,-124.1780014
16,300000,4672000,0,12891,12272,13894,51.7128983,23.6051998,10.7280998,4.6677799,0.70026,453.8519897,2.2128799,0.258934,2.59162,63.2103996,4.67134,28.8565998,9.5462503,348.5599976,2.27636,14.2852001,3.6464901,21.1070995,19.6499996,1.34281,321.5690002,3.1939499,3.54354,9.4288702,10.0284996,377.9509888,18.0006008,0.46354,70.418602,2.7393799,259.8049927,9.2143898,1979.910034,1.8928,35.8199005,0.755677,23.1786995,24.3920994,134.3540039,-141.2769928,-123.598999
17,301000,4672000,0,13217,14013,15895,54.0063019,27.3924999,10.7314997,4.6816201,0.791145,454.5150146,2.22563,0.273006,2.7330101,61.6425018,4.3935699,29.2943993,9.5687504,340.6799927,2.2552299,16.2308998,3.6886799,20.2026005,20.5895004,1.39912,306.2879944,4.8059702,3.58248,8.2763004,10.1527004,378.8959961,17.5984001,0.528294,70.1856995,2.70309,286.3680115,9.1311197,1974.030029,2.04828,35.9126015,0.817666,23.6499996,24.8764,131.147995,-141.4470062,-128.4190063
18,302000,4672000,0,13080,13356,14771,53.8911018,28.7465992,11.1229,5.6922898,0.714141,509.7139893,2.1683099,0.318952,2.8039401,64.273201,4.4780402,31.9262009,10.6597004,361.3909912,2.3633201,28.6371002,3.5773799,21.1061001,19.7516003,1.50306,334.4670105,12.2798996,3.5742199,8.6069002,11.9693003,412.7619934,17.566,0.547113,70.5157013,2.60022,311.9289856,9.0001497,2064.889893,1.9731899,41.8507004,0.871006,22.7509995,28.5690002,139.5590057,-141.0420074,-132.548996
19,303000,4672000,0,12861,12464,14152,53.9986,28.2145996,11.5267,6.4529901,0.63912,566.8170166,2.1313,0.354123,2.8766,66.3691025,4.6073298,34.2543983,11.4259005,378.4240112,2.4791701,40.3526001,3.4937601,22.9001999,18.7730999,1.59927,361.9379883,19.9619999,3.57551,8.8731699,13.6652002,440.4840088,17.5814991,0.567909,70.7108994,2.4878199,335.7900085,8.8121796,2142.879883,1.93349,47.4348984,0.905065,21.9365997,32.3423996,149.9960022,-141.0339966,-144.3209991
20,305000,4672000,0,12797,11981,12590,52.6804008,40.2523994,11.8346004,11.1338997,0.798874,614.3140259,2.0968499,0.289139,3.3617001,79.3927994,6.1564298,39.1576004,14.1707001,427.8729858,2.8168299,52.6619987,2.7358201,24.8314991,19.3768005,1.74904,423.9660034,5.02005,3.57988,9.5243397,16.5046005,503.6820068,16.1893005,0.779146,69.1762009,2.6856401,362.0299988,9.0584602,2436.77002,1.92156,53.9947014,1.09861,20.1420994,41.9868011,167.7960052,-141.151001,-167.2640076
21,306000,4672000,0,12929,12180,12413,52.0727997,40.0357018,11.7349997,11.5893002,0.929578,633.7130127,2.12252,0.296442,3.5242701,77.1416016,6.2676401,39.6423988,15.0177002,428.9190063,2.9598899,48.2117004,2.6582699,24.9283009,19.0002995,1.74643,438.8840027,3.6733999,3.6635201,10.3923998,16.1678009,483.3540039,15.4289999,0.771426,68.4669037,2.59657,360.1130066,9.0714102,2508.209961,1.98044,55.3568001,1.13139,20.4643993,44.3907013,174.7109985,-141.5769958,-177.0399933
22,298000,4671000,0,13816,15276,17739,50.5620003,17.1350994,10.4336996,4.5047998,0.36697,369.20401,2.3376801,0.258791,1.90285,58.4071999,4.2873402,34.7179985,9.9423704,280.1109924,1.99614,12.1541004,3.87958,17.1271992,20.0401001,1.24474,296.769989,0.702855,3.56077,17.4981003,9.4930801,326.2550049,19.7584991,0.429447,69.6704025,3.25284,206.5319977,11.5738001,1605.660034,1.87713,29.3969994,0.668998,23.3363991,20.4587994,116.2509995,-145.0800018,-165.098999
23,299000,4671000,0,13691,14864,16689,49,15,9.6300001,3.2,0.25,405,2.4000001,0.26,1.25,40,2.5999999,15,6.1999998,210,1.4400001,12,4.3800001,21,18,0.83,252,0.61,3.3800001,8,10.5,306,21,0.29,69.9400024,3.2,149,10,1044,1.79,18,0.53,25,13,99,-144.1009979,-151.6699982
24,300000,4671000,0,13775,15244,17853,50.7463989,17.1203003,10.1879997,4.2985601,0.38939,411.3569946,2.3880601,0.302355,1.85191,45.2383995,3.2593701,23.9309998,8.3763599,267.7569885,1.7497,12.8580999,4.08533,18.9230995,21.5491009,1.0583,261.5910034,2.8540699,3.46908,9.25949,8.3142996,300.1149902,20.6655006,0.41482,70.6855011,3.2192199,214.6589966,10.0755997,1356.310059,1.95186,24.6224003,0.664752,24.9503994,19.1599998,111.3980026,-144.9940033,-157.1519928
25,301000,4671000,0,13920,15768,17918,49,13,9.5600004,2.4000001,0.17,305,2.5899999,0.26,1.55,10,1.6,21,4.9000001,210,1.36,8,4.5500002,14,27.2000008,0.83,177,0.670004,3.3800001,7,1.2000099,175,23,0.54,72.6800003,3.5999999,191,10,814,1.95,14,0.56,27,17,82,-143.9920044,-148.9839935
26,302000,4671000,0,13844,15645,17541,52.6748009,19.6875,10.7356005,5.0717702,0.437619,482.756012,2.35815,0.40874,1.9676501,45.020401,2.9572301,26.2019997,9.2753496,290.5490112,1.78703,21.8785992,4.0995402,20.5674,22.1098003,1.15448,266.5490112,19.7968998,3.47597,8.4385796,9.0827799,300.6359863,21.3903008,0.456308,70.5403976,3.0190001,255.6880035,9.6064396,1412.52002,2.00038,28.7124004,0.76544,24.7528,23.8735008,120.0719986,-144.0160065,-149.2740021
27,303000,4671000,0,13564,14874,16746,56,20,11.2799997,4.5999999,0.42,563,2.4000001,0.64,1.55,40,2.3,25,8.1999998,280,1.61,28,4.5500002,24,20.7000008,1.15,266,64,3.3800001,9,3.7,262,24,0.36,69.0100021,2.5999999,257,9,1308,1.95,31,0.79,25,27,124,-143.4369965,-154.5220032
28,308000,4671000,0,12806,12509,14462,55.2416,41.6752014,11.5655003,10.6617002,0.957568,680.3720093,2.0430601,0.306843,3.6934099,73.2284012,6.8509102,40.2589989,17.9069004,386.9830017,3.1264999,28.8215008,2.4733,21.4757004,20.9445,1.87439,481.9389954,1.5804,3.7130301,11.7713003,22.0599995,482.0039978,14.7299995,0.769013,66.9159012,2.52981,366.1520081,8.9709797,2711.290039,2.26737,62.3237991,1.18404,20.4172001,46.8660011,183.6809998,-143.2180023,-167.2079926
29,296000,4670000,0,13994,15396,17941,51.5709,17.7145004,10.7025003,4.20927,0.310019,487.0710144,2.2039101,0.236426,3.20822,82.1470032,9.2726002,50.6441994,16.1938992,340.3779907,2.91342,14.5354996,3.2595,13.0355997,25.6620007,2.03301,435.6010132,0.646795,3.76108,16.2485008,21.6676006,438.0249939,18.3353004,0.730765,65.8843002,2.8534999,275.4079895,9.7137003,2554.949951,2.15435,57.9342995,0.927557,22.7143002,34.8961983,146.3999939,-144.4570007,-182.6940002
30,297000,4670000,0,13879,15486,18584,53.7492981,15.7407999,10.9132996,4.2389398,0.306185,425.4899902,2.24471,0.24237,2.6377699,77.2322998,6.5750198,49.0928001,13.6623001,297.5390015,2.5230401,13.4766998,3.4825699,14.1816998,22.6268005,1.66728,373.7149963,0.626758,3.63258,18.8139992,17.0928993,377.1040039,19.0228004,0.570207,68.6579971,3.0076001,255.8959961,11.1821003,2154.76001,2.0639701,45.3671989,0.802304,23.0112991,28.9701996,133.0500031,-145.2779999,-179.9340057
31,298000,4670000,0,14024,15748,18389,51.5726013,15.5358,10.5563002,4.7890801,0.298942,434.5029907,2.34709,0.274998,2.3394899,73.216301,5.7752099,39.0760002,11.7293997,283.5780029,2.23013,13.0718002,3.65885,16.9988003,21.9932995,1.45829,341.6570129,0.631427,3.55144,14.9301004,14.6801996,361.4719849,19.8213005,0.464688,68.6371002,3.22135,237.0850067,10.8571997,1859.150024,2.0982001,38.6458015,0.750386,24.0709991,25.3232994,127.0390015,-145.6889954,-173.8220062
32,299000,4670000,0,13807,15305,18223,49.8194008,15.4629002,10.2131004,5.2323599,0.318374,438.8859863,2.4528999,0.298887,1.97329,67.5419998,4.8268299,28.3950005,10.3557997,266.4639893,1.91351,12.4879999,3.8473599,19.9326,20.9461002,1.24546,306.552002,0.648446,3.4733801,11.0207996,12.4202995,343.7149963,20.2026005,0.368758,68.5127029,3.3635199,216.3480072,10.6705999,1562.800049,2.1392,31.0596008,0.69444,25.0676994,21.1898994,119.6309967,-146.0800018,-172.6009979
33,300000,4670000,0,13920,15445,18173,49.8571014,15.2854004,10.4236002,5.7648802,0.336414,445.0150146,2.46788,0.400008,1.8660901,53.2237015,3.8970399,26.3943996,11.1829996,266.7900085,1.76578,12.7147999,3.9705999,19.2866993,22.3066006,1.14222,277.5899963,2.9466901,3.45716,10.1077995,10.8903999,313.9509888,21.0354004,0.366754,69.7273026,3.4786201,225.7890015,10.6073999,1397.709961,2.11973,27.0028,0.736449,25.5713997,19.6791,117.0759964,-146.048996,-167.8059998
34,301000,4670000,0,13970,15237,17937,49.3638,15.1192999,10.6641998,6.4661798,0.360587,462.7980042,2.4721601,0.494787,1.94596,42.6034012,3.3395801,24.0678997,12.2180004,275.1879883,1.6898299,14.4205999,4.0562,18.0272999,23.6714001,1.07367,259.4590149,4.5270801,3.44645,8.9739904,9.7978897,292.4790039,21.8444004,0.384864,70.9017029,3.58988,241.5590057,10.3622999,1285.329956,2.0873201,24.5802994,0.780358,25.8950005,19.5128994,117.0770035,-145.779007,-161.6309967
35,302000,4670000,0,13612,14853,17542,48.9289017,16.8206997,10.8552999,5.9933801,0.37499,534.4790039,2.31864,0.455756,1.88752,48.9261017,3.11797,26.8202,11.9540005,276.428009,1.71997,18.4988995,4.04072,20.1063995,22.0935001,1.1342601,268.4970093,12.0263004,3.50247,8.7858896,16.8003998,306.743988,22.1429005,0.364639,69.6593018,3.1930499,249.5700073,9.8573999,1355.780029,2.05145,26.7133999,0.780364,24.8575993,22.3202991,123.3909988,-145.9450073,-152.9660034
36,303000,4670000,0,13680,15064,17317,47.7605019,18.6119003,11.1139002,5.5142698,0.384087,608.8140259,2.1475401,0.416409,1.83041,56.4640999,3.00597,30.2567997,12.0404997,285.5639954,1.80222,23.4857006,3.9749801,22.8066006,20.7033997,1.21817,285.4609985,19.7352009,3.55721,8.6755104,24.8799992,325.2399902,22.3927994,0.360875,68.5084991,2.77215,257.894989,9.2772503,1477.930054,1.98103,29.9976997,0.879835,23.6000004,26.1161995,132.0579987,-145.4400024,-160.802002
37,304000,4670000,0,13217,14068,16364,50.7832985,23.2479992,11.3570004,6.79245,0.403544,627.3969727,2.23563,0.377136,2.1391599,58.5723,3.4249101,31.0718994,12.8252001,307.8479919,1.92855,23.2143993,3.7318201,26.2126999,20.4643002,1.29998,307.2460022,12.1197996,3.54003,8.7856398,25.0279999,347.1409912,21.3575001,0.438899,69.0285034,2.9463601,283.3819885,9.3928204,1590.479981,2.0674601,35.4264984,0.932872,23.3570004,27.7140007,138.9629974,-145.6269989,-163.522995
38,297000,4669000,0,13650,14785,17474,66,12,11.6400003,3.2,0.31,551,2,0.24,3.3499999,80,7.9000001,62,17.5,280,3.04,14,3.04,16,24.5,1.9400001,456,0.5,3.6600001,12,19.8999996,437,18,0.59,69.8899994,2.3,327,9,2778,2.29,62,0.93,24,35,154,-146.9859924,-196.4940033
39,298000,4669000,0,13651,14968,18049,52.9341011,14.1976995,10.7104998,4.9672499,0.266188,497.6830139,2.35463,0.279192,2.7376399,87.3283005,7.1278901,42.8917999,14.1276999,286.2590027,2.4547,13.8397999,3.4383099,17.0760002,23.4680004,1.67277,385.6459961,0.5758,3.54268,12.3437004,20.4108009,396.6990051,19.4347992,0.512027,67.5052032,3.10673,267.1719971,10.2439003,2127.100098,2.3240099,47.3308983,0.828324,24.6765995,29.9857998,137.1950073,-147.9120026,-200.1029968
40,299000,4669000,0,13473,14500,17116,49,12,9.6000004,6.8000002,0.1,420,2.7,0.27,1.55,90,6.5,28,9.8000002,240,1.8099999,12,3.6800001,23,20.7000008,1.37,310,0.53,3.51,10,7.9000101,349,20,0.23,64.9400024,3.8,197,12,1532,2.5899999,32,0.67,27,20,117,-147.3509979,-186.7579956
41,300000,4669000,0,13587,15103,18236,48.3568001,13.6492996,10.6969004,7.4056902,0.300074,492.4620056,2.5374999,0.489549,2.08372,65.3121033,4.9274001,28.3946991,14.2296,275.8829956,1.86244,13.9850998,3.81004,19.1289997,23.0669994,1.26495,305.618988,2.0992501,3.4502299,10.6374998,14.0135002,338.1690063,21.3087006,0.340794,68.7296982,3.7244699,244.4149933,10.9174995,1503.930054,2.2756901,31.2698994,0.812176,25.9937992,21.6399002,125.8460007,-147.845993,-187.2619934
42,301000,4669000,0,13626,15080,18152,53,12,11.5600004,12.8000002,0.36,464,2.7,0.98,2.25,40,4.1999998,21,20.8999996,310,1.62,14,3.8599999,17,25.3999996,1.01,269,0.760001,3.3800001,11,1.6,306,23,0.25,72.7200012,4.8000002,278,12,1162,2.29,22,1.01,28,14,129,-147.1679993,-175.2630005
43,302000,4669000,0,13390,14217,17524,44.3515015,14.0930996,11.0556002,6.8803701,0.316929,591.2999878,2.2556901,0.50148,1.82268,54.2775002,3.39711,28.1352005,15.0050001,271.4030151,1.7143,16.2457008,3.92875,20.1492996,22.2478008,1.1418101,279.196991,4.4686198,3.5303099,9.2140598,25.6891994,318.5350037,22.7896996,0.291459,68.8785019,3.32216,244.9669952,10.0116997,1362.199951,2.0639999,26.0484009,0.897464,24.6861992,21.8999004,129.4420013,-147.0460052,-170.7429962
44,303000,4669000,0,13506,14786,17921,36,12,10.5900002,4.4000001,0.15,698,1.6,0.25,1.3,70,2.5999999,39,15.3000002,240,1.72,18,3.77,20,19.7999992,1.1900001,281,0.610002,3.8,8,58,349,24,0.2,65.1500015,2.5,209,9,1421,1.95,21,0.79,22,26,133,-146.5679932,-170.2019958
45,304000,4669000,0,13605,14787,17254,46.0722008,16.4668007,11.3374004,4.6530199,0.285326,664.7780151,2.2062199,0.318587,1.71787,56.2806015,3.0694201,29.6905003,13.2887001,270.4660034,1.76598,15.2623997,3.90203,28.7949009,20.1544991,1.1586,283.1640015,4.4888802,3.6396,8.7487202,36.0956001,310.4200134,22.6900005,0.303403,68.3871994,2.7872601,241.6560059,9.3169899,1414.869995,1.99744,29.1753998,0.935742,23.7399998,25.2138004,133.9589996,-146.1860046,-170.6569977
46,305000,4669000,0,13618,14891,17738,55,12,11.9799995,2,0.16,630,2.7,0.27,1.25,40,2.0999999,23,10.8999996,260,1.47,8,4.3000002,46,18.8999996,0.79,231,0.590002,3.6600001,9,34,218,24,0.18,71.6399994,2.9000001,191,10,1006,1.95,21,0.56,27,18,122,-145.8849945,-171.1900024
47,298000,4668000,0,13142,13832,16511,48.3574982,17.1436996,11.2168999,5.2997599,0.381473,594.3200073,2.29597,0.277489,3.7079401,110.7320023,8.5797796,46.6465988,18.1194992,344.3129883,2.88743,15.8586998,3.18875,17.0335007,25.5151997,1.92944,454.1109924,0.628941,3.4549601,12.0717001,35.1021004,463.1719971,19.2497997,0.683684,66.6772003,3.0069599,322.1719971,9.24932,2507.189941,2.41927,59.8997993,0.946833,23.5349007,40.4707985,157.6159973,-147.9349976,-199.8289948
48,299000,4668000,0,13091,13408,15778,45.1851006,17.3146,11.1823997,5.8965302,0.378884,582.2030029,2.4379001,0.312242,2.7174101,86.8100967,6.35356,40.7178001,16.6462994,315.7340088,2.4721,14.4890003,3.43594,21.3565998,24.4845009,1.69372,400.480011,0.629946,3.4630799,11.2116003,30.6399002,435.5090027,19.7096996,0.542518,67.4618988,3.3183801,296.6789856,9.81458,2177.889893,2.4588301,50.9272003,0.908505,24.5750008,32.6880989,149.0590057,-148.0650024,-196.1430054
49,300000,4668000,0,13239,14345,17604,43.3917007,16.6081009,11.2087002,6.4707398,0.457858,606.2349854,2.4203601,0.399211,2.5322001,73.2217026,5.50384,34.7537003,16.3395004,303.9360046,2.2323,15.3570004,3.6049099,20.3582001,24.3894005,1.5051301,362.0629883,0.638918,3.44751,10.2858,26.9451008,402.3850098,20.5351009,0.456838,67.922699,3.2713201,285.5450134,9.7139902,1919.48999,2.2897201,43.0057983,0.880379,24.5354996,29.9311008,143.7920074,-148.3359985,-193.7779999
50,301000,4668000,0,13502,14910,18170,42.3772011,15.9941998,11.2648001,7.0372601,0.538588,624.197998,2.4154799,0.495272,2.28613,57.5415001,4.598,28.8141003,16.0667,291.4429932,1.97192,16.0774002,3.8008001,19.8612003,24.1378994,1.31537,321.526001,2.1141901,3.4319799,10.0893002,21.8486004,364.6340027,21.3299999,0.358004,68.2969971,3.21608,273.0409851,9.7536602,1647.790039,2.1129701,35.2780991,0.849103,24.4475002,26.3083,137.0850067,-147.9470062,-183.1199951
51,302000,4668000,0,13672,15057,18424,39.8571014,15.3577003,11.3271999,5.57868,0.43683,677.6430054,2.2439799,0.406076,2.01617,57.1433983,4.0109301,27.8211994,14.4143,275.0050049,1.87754,16.5713997,3.8982,20.4284992,22.1361008,1.24754,304.3649902,2.8827901,3.51176,9.3930302,27.9016991,338.401001,21.9638996,0.332518,68.1020966,2.8607299,255.470993,9.3928404,1582.189941,1.9964499,32.966301,0.917144,23.6429005,25.8577003,136.6439972,-148.1990051,-177.2630005
52,303000,4668000,0,13660,15042,18195,37.1987991,15.4715004,11.4338999,4.5253801,0.354451,734.6900024,2.05704,0.314085,1.79886,58.9981003,3.57376,27.6420994,13.1092997,263.3269958,1.8310699,17.6532993,3.94403,20.9496002,20.1933994,1.18749,294.1149902,2.7178199,3.5920501,8.7130604,33.9718018,323.052002,22.4967995,0.316053,67.9232025,2.52795,244.1730042,9.05338,1548.140015,1.90273,31.3605995,0.9554,22.6765003,26.2178993,138.2590027,-147.4649963,-178.2550049
53,304000,4668000,0,13432,14458,17762,41.1761017,16.1070995,11.5971003,4.1930299,0.350723,721.15802,2.17241,0.297144,1.9018,62.1449013,3.8750899,27.8575993,13.3572998,274.2829895,1.92895,15.8583002,3.8403399,27.9256001,20.0750008,1.27395,305.0039978,2.9042101,3.62571,9.0356398,34.1932983,327.4360046,21.9286003,0.331073,68.0056992,2.55708,258.8590088,8.8570404,1609.150024,1.9207,36.0003014,1.3407201,22.6424007,27.3218994,141.8580017,-147.6399994,-179.4129944
54,305000,4668000,0,13189,13868,16191,44.8045998,17.3824005,11.6815004,3.96611,0.368914,704.3150024,2.2913301,0.273221,2.00845,64.1774979,4.1015401,28.4230003,13.4231997,286.6610107,2.04459,14.2962999,3.73648,34.8642006,20.0800991,1.37087,317.5979919,2.16116,3.6515999,9.3243904,33.8930016,328.8259888,21.2525005,0.362619,68.0182037,2.59495,270.4970093,8.7862902,1674.199951,1.95599,40.5540009,1.74169,22.6499996,28.7898006,145.2910004,-146.7140045,-174.6329956
55,301000,4667000,0,13393,14598,17948,34,17,10.9200001,4,0.96,748,2.4000001,0.29,2.55,70,4.5999999,29,13.8999996,280,2.05,18,3.8599999,21,24.5,1.47,342,0.59,3.3800001,10,31.7999992,393,20,0.32,64.3000031,2,271,8,1804,1.79,40,0.7,22,33,136,-147.6660004,-188.9790039
56,302000,4667000,0,13495,14714,18393,35.287899,17.5051994,11.6410999,4.69979,0.578935,767.3480225,2.2130201,0.309365,2.2723401,61.7158012,4.79105,28.3549004,14.1578999,283.5639954,2.0915501,17.5482006,3.8150499,20.4892006,22.1385994,1.36184,336.5690002,0.59199,3.49229,9.5889502,29.8190002,369.6130066,21.0335999,0.385472,67.3491974,2.4197099,272.7770081,8.7854204,1835.959961,1.95186,40.6460991,0.896447,22.4251003,30.7306004,145.8480072,-147.423996,-184.8480072
57,303000,4667000,0,13273,14156,16585,27,14,12.1999998,2.8,0.37,890,2.0899999,0.25,1.6,50,3.2,14,9.6999998,240,1.65,20,4.3800001,12,17,0.93,271,0.5,3.51,8,27.7000008,262,23,0.32,69.9800034,2,225,9,1487,1.64,30,0.67,22,25,140,-147.1430054,-182.7550049
58,302000,4666000,0,13433,14538,16414,37.8571014,23.5016003,11.9032001,5.5648398,0.605748,784.5289917,2.0992899,0.304654,2.7679501,60.7140999,6.58216,36.3600998,16.3792,318.2260132,2.5307901,17.3577003,3.4166999,22.6791,23.8220997,1.66757,394.6539917,0.641092,3.5060899,10.2855997,27.7931995,441.2770081,19.4283009,0.526834,66.7993011,2.48048,315.5499878,8.5002003,2265.100098,2.11619,53.1092987,1.02394,21.6427994,37.2879982,160.9329987,-147.2590027,-187.776001
59,303000,4666000,0,13116,13740,16158,37.6917,21.7921009,12.0874996,4.74544,0.488314,808.723999,2.0462699,0.2724,2.5599101,58.1711006,6.48983,31.2005005,14.7483997,301.2630005,2.4035399,16.2625999,3.5469201,22.5825996,21.9414005,1.53694,372.7999878,0.610949,3.5162899,10.2235003,25.9766998,392.5090027,19.8610992,0.467585,67.3627014,2.2904501,291.1669922,8.3115597,2149.52002,1.94493,49.9706993,1.0707901,21.5774994,33.5876999,155.5740051,-146.6620026,-187.1269989
60,301000,4665000,0,13115,13647,16324,40,35,11.6199999,8.3999996,0.82,775,2,0.32,3.6500001,50,7.6999998,52,18.8999996,380,3.04,18,2.74,25,27.2999992,2.1600001,470,0.73,3.6600001,10,24,611,17,0.82,66.0500031,3,400,9,2787,2.79,71,1.01,21,49,186,-145.625,-195.8200073
61,285000,4651000,0,13368,14970,18395,51,6.4190001,11.5200005,1.4,0.69,313,2.2,0.0900001,0.83,20,1,6.5999999,3.4000001,288,0.72,2,4.5500002,10.3999996,15.5,0.19,130,0.41,3.1700001,5.9000001,3.5,104,20.3999996,0.28,78.8499985,1.6720001,101,7.9000001,452,1.7,4.8000002,0.49,22.5,21.8999996,64,-135.6040039,-68.933197
62,281000,4650000,0,13714,15733,18552,66.4042969,7.8254399,11.4975004,2.1329,0.378552,336.6560059,2.61289,0.365307,1.2357,39.9164009,2.6047599,11.335,6.1412201,459.4410095,1.21171,2.6237199,4.0293002,13.2389002,20.4545002,0.463098,193.2680054,0.516575,3.3815501,7.4825501,6.0180302,146.3789978,15.7903004,0.310973,77.0684967,2.3699901,133.9160004,9.0525599,923.8209839,2.0144501,16.4179001,0.822123,27.5806007,34.9709015,86.299202,-138.7259979,-69.5935974
63,282000,4650000,0,13625,15287,18107,60.7514992,7.46699,11.8326998,1.95005,0.404635,380.7720032,2.4286001,0.284317,1.28142,38.0373001,2.5750501,10.2753,5.5251598,439.1650085,1.21465,2.35724,4.1188698,13.0502005,20.2891998,0.454652,195.2510071,0.460726,3.3896401,7.3821702,5.8536601,149.2510071,15.6855001,0.274652,76.8843994,2.1282599,142.8200073,8.8786297,929.822998,1.94645,16.0575008,0.715726,26.3859997,31.7404995,85.8919983,-137.9929962,-66.4505997
64,283000,4650000,0,14089,16431,19030,54.9123001,7.0152702,12.1524,1.78606,0.438057,424.526001,2.2453201,0.201918,1.31566,36.3535004,2.49404,8.99613,4.8196602,417.5559998,1.19989,2.14325,4.2181602,12.8408003,20.2278004,0.432348,194.3869934,0.397364,3.39574,7.3008699,5.59658,150.0899963,15.5270004,0.235563,76.7875977,1.8578,150.6829987,8.6064301,922.21698,1.8589799,15.2087002,0.604888,25.2411003,27.7187004,87.027298,-136.2960052,-67.6287003
65,284000,4650000,0,18311,17730,19316,52.3577995,7.2590098,11.6373997,1.63614,0.474973,384.1040039,2.15358,0.186438,1.1572599,30.3602009,1.94675,7.53267,4.2252498,380.6069946,0.986541,2.1071601,4.2239099,11.9612999,18.0762997,0.321839,167.1580048,0.377849,3.2629299,6.7431998,4.8289499,126.2659988,16.3421993,0.215929,77.9886017,1.69522,135.4389954,8.9891901,723.8969727,1.90001,11.1057997,0.546435,24.1362,24.4409008,76.9355011,-135.8509979,-63.9025002
66,285000,4650000,0,13516,15148,17833,50.0125999,7.7684398,11.2238998,1.49554,0.509055,351.428009,2.06815,0.167216,1.04877,24.6938,1.5583301,6.65447,3.90113,341.1090088,0.826155,2.0564799,4.18049,11.3191996,16.0067005,0.251097,150.5700073,0.369459,3.15837,6.2378898,4.2607098,108.4580002,16.9685001,0.20128,79.016098,1.55509,123.9970016,9.3725996,568.2520142,1.94739,8.37076,0.497931,23.052,21.8505001,68.1914978,-135.2129974,-67.7469025
67,287000,4650000,0,15025,19406,22580,47.8418007,6.5692101,11.3495998,1.48561,0.444229,411.29599,1.83875,0.219552,1.3958,26.4354992,1.80054,7.3028202,4.8373399,296.756012,1.00484,2.0795801,3.9821801,11.3097,14.9721003,0.318319,172.0890045,0.405001,3.14079,5.6679602,4.0138898,123.0049973,15.7665997,0.194431,77.7294006,1.44164,134.9819946,8.1619301,642.4019775,2.0497601,12.3547001,0.501907,21.2735004,23.9489994,72.5149994,-134.8919983,-62.2420998
68,288000,4650000,0,13920,16569,19780,46.9639015,8.78234,11.9642,1.83797,0.397496,495.9599915,1.7250201,0.17993,1.59245,31.4605007,2.35694,8.5031404,5.6710501,277.6570129,1.432,2.17857,3.79581,12.3603001,14.7287998,0.472435,203.9530029,0.527082,3.3852999,5.9142499,4.7569199,159.276001,14.9609003,0.194629,76.4021988,1.40464,163.6360016,8.0000296,848.2390137,2.0927801,19.0009995,0.544635,20.7395,28.0097008,80.1053009,-134.8119965,-60.5656013
69,280000,4649000,0,13609,15542,18683,69.0653992,7.7517099,11.2754002,2.44344,0.340139,311.9089966,2.6954999,0.370668,1.18829,35.6562996,2.6183801,11.0054998,6.7464099,503.0859985,1.14723,2.5434,3.8817599,13.7828999,20.3722992,0.465248,187.5529938,0.518102,3.3849399,7.6474099,5.7697601,141.0070038,14.7412004,0.350037,78.223999,2.5442901,133.9929962,9.8071404,852.7420044,2.27198,16.1033001,0.839045,29.0400009,35.175499,78.3797989,-140.1569977,-70.803299
70,281000,4649000,0,13674,15427,18506,60,7.0510001,11.5699997,1.9,0.39,375,2.3,0.38,1.33,55,2.7,8.6999998,4.6999998,606,1.23,3,3.95,13.3999996,20.6000004,0.44,199,0.41,3.4100001,7.4000001,5.9000001,159,13.3000002,0.25,77,2.161,151,8.6000004,945,1.8,16.1000004,0.57,26.1000004,29.7999992,83,-138.2720032,-68.6224976
71,282000,4649000,0,13382,15058,18270,57.9730988,7.6349702,11.9777002,1.91623,0.402953,411.571991,2.25613,0.282776,1.40286,39.6739998,2.9656899,10.7004995,5.64853,508.9630127,1.29978,2.4068501,3.98241,13.8354998,20.3936005,0.520965,215.6549988,0.408508,3.4465001,7.4677401,6.2500801,166.8439941,14.2825003,0.262163,76.8519974,1.96863,153.8910065,8.6681995,1009.080017,1.9266,18.5534,0.616398,25.5366993,31.5177994,88.1218033,-137.2850037,-75.0533981
72,283000,4649000,0,13777,15592,18541,52,6.118,12.79,1.9,0.41,530,2.0999999,0.16,1.5700001,38,3.0999999,9,4.9000001,528,1.37,2,4.2600002,13.8999996,22.7000008,0.49,218,0.3,3.53,8.1000004,6.0999999,191,15.1000004,0.2,75.7200012,1.645,177,9.3999996,1110,2,18.1000004,0.48,25.6000004,29.2000008,106,-136.3379974,-87.6335983
73,284000,4649000,0,13776,15777,18400,50.3664017,8.06987,11.6266003,1.5602,0.430569,412.3680115,2.03193,0.189726,1.25772,28.9118004,2.27613,8.2365999,4.47089,420.9660034,1.04498,2.11655,4.0565701,12.5487003,17.8866997,0.371827,182.8350067,0.353516,3.3109901,6.8262601,5.3436799,138.4759979,14.9329996,0.195988,78.2855988,1.53274,147.2100067,9.4309702,783.8449707,1.9639601,13.2564001,0.507554,23.7467995,24.4349003,79.1585007,-135.5859985,-88.1306992
74,285000,4649000,0,13617,15139,17898,46,11.7220001,10.21,1.4,0.39,318,1.9,0.17,0.86,21,1.4,5.3000002,3.4000001,358,0.65,2,3.9300001,10.6000004,13.6999998,0.17,128,0.32,3,6,4.5999999,80,15.3999996,0.11,81.4199982,1.226,129,12.3999996,411,2.2,5.5999999,0.44,22.7000008,17.2999992,55,-135.227005,-82.7837982
75,288000,4649000,0,14390,16700,20058,44.1778984,6.81951,11.9912004,1.22089,0.335453,541.4689941,1.6955,0.143488,1.51328,22.5000992,1.95251,7.4992399,4.5996299,295.75,1.2824,2.1026599,4.0153198,11.5627003,14.8855,0.343368,176.9779968,0.406307,3.4151499,5.9171901,4.4560199,148.2169952,14.7344999,0.122141,77.0943985,1.2210701,160.8079987,7.7195702,674.2810059,1.8813601,14.3225002,0.521383,20.7544994,26.3094997,77.9122009,-134.8919983,-51.2048988
76,289000,4649000,0,14646,17330,20018,41,7.0510001,12.4300003,0.93,0.2,671,1.6,0.073,1.67,18,2,6.5,3.8,224,1.73,2,4.29,10.5,15.1000004,0.32,174,0.4,3.54,6.1999998,4.8000002,173,14.3000002,0.068,76.0999985,1.026,175,7.5,663,1.9,14.3000002,0.54,20.8999996,24.8999996,86,-134.9640045,-44.2293015
77,290000,4649000,0,14212,16469,18791,44.0984993,9.6144896,12.3547001,1.97158,0.285682,604.2719727,1.6036,0.151363,1.7541,26.9139004,2.93099,9.9925299,6.2271399,250.6360016,1.95322,2.76159,3.7116101,13.1859999,14.0213003,0.578486,219.3040009,0.581627,3.6569099,6.2627401,5.7395601,195.6320038,14.4111004,0.15545,75.5817032,1.24282,181.4609985,7.9207301,988.2630005,2.0381801,24.0151005,0.563533,19.7961998,30.8379002,82.3398972,-134.9660034,-40.5758018
78,280000,4648000,0,13667,15622,18973,65.8940964,10.2608004,11.7173996,2.7894299,0.356774,343.5969849,2.5214901,0.393932,1.46498,34.7106018,3.85359,15.9896002,8.4182701,514.7050171,1.4931999,2.49998,3.5264001,15.9109001,19.8106995,0.758578,257.2120056,0.481793,3.5042901,7.7000299,7.4785299,175.1750031,13.4393997,0.361801,77.3085022,2.3708401,150.2480011,8.7572098,1117.619995,2.2107699,26.1215,0.85683,27.218399,37.3611984,86.3210983,-139.7059937,-53.6251984
79,281000,4648000,0,13492,15111,18173,61.1822014,10.526,12.1238003,2.41466,0.374249,384.9299927,2.2558999,0.387388,1.68133,40.5517998,4.5490999,18.3504009,8.56915,523.0349731,1.74259,2.3936601,3.4086201,16.4167995,19.4328995,0.916785,302.5490112,0.463479,3.54655,7.5665102,8.5764999,203.4380035,12.1775999,0.339975,76.0831985,2.14469,163.0460052,7.9713702,1327.339966,2.0273099,31.8978004,0.767147,24.6103001,37.6077003,89.9375992,-137.6569977,-65.5702972
80,282000,4648000,0,13672,15578,18652,57.1083984,9.7668304,12.1613998,1.95183,0.376777,416.052002,2.1178701,0.317896,1.64433,36.3223,4.00036,15.3448,7.2221599,503.7929993,1.58438,2.2857699,3.5766201,15.8006001,19.1781006,0.772599,273.9849854,0.420027,3.5250199,7.3463702,7.7005801,193.9360046,12.6779003,0.311096,76.3087997,1.8861099,164.1060028,7.9425302,1224.209961,1.94643,27.6245995,0.67897,24.0639992,32.9766006,87.8553009,-137.0910034,-69.7039032
81,283000,4648000,0,13836,15370,18190,53.7176018,8.8537397,12.1850004,1.78605,0.404089,442.2090149,1.99651,0.252838,1.59179,32.3875008,3.45347,12.5003996,5.9102402,489.0710144,1.42781,2.1663301,3.7457099,15.2357998,18.9563999,0.634879,245.7169952,0.376173,3.4986701,7.18156,6.8558898,183.048996,13.5766001,0.283087,76.4728012,1.68548,163.1049957,7.9890299,1115.560059,1.8829,23.4354992,0.587316,23.5874996,29.9573994,87.5824966,-135.5220032,-127.8450012
82,284000,4648000,0,13889,15849,18664,50.2868004,8.2674303,11.7845001,1.50827,0.434641,416.7980042,1.9714299,0.225011,1.4008,27.6082993,2.7395599,10.5937004,5.0288701,431.8840027,1.18295,2.25002,3.8203199,13.9863997,17.4542007,0.485062,211.5509949,0.371077,3.4147,6.8215699,5.9503298,153.1560059,13.7496996,0.235954,78.161499,1.5424401,151.6820068,8.3565702,890.5579834,1.88211,17.8309002,0.529297,23.2287006,26.0480995,81.4672012,-135.4049988,-111.7070007
83,285000,4648000,0,13889,15497,18415,47.135601,7.6451502,11.3528996,1.2431999,0.462212,390.8259888,1.9547499,0.209924,1.21785,22.4398003,1.98418,8.4924603,4.1135602,364.322998,0.928939,2.3337901,3.90289,12.6667995,15.8511,0.325281,175.776001,0.362775,3.3301101,6.41223,4.9825802,122.1309967,14.0490999,0.191727,79.7602997,1.39614,139.5449982,8.7737703,663.0180054,1.9017299,12.0204,0.490509,22.9473991,22.0988998,73.9722977,-134.9620056,-117.0790024
84,288000,4648000,0,14847,17854,20082,44.2858009,6.3864002,12.3038998,1.16064,0.352518,575.3150024,1.72145,0.133575,1.62605,21.9990997,2.0284901,8.7318201,4.6284399,281.5169983,1.1605999,2.07142,4.0439,12.2715998,15.2002001,0.347836,183.5690002,0.361782,3.5071399,6.0928502,4.65343,149.0679932,13.5136003,0.141788,76.5460968,1.19915,163.6790009,7.3499198,677.7589722,1.6785001,14.7277002,0.584992,21.0321007,32.3442993,77.8235016,-135.0059967,-29.7600994
85,289000,4648000,0,14469,16104,18113,44.0353012,7.2934299,12.6169996,1.3355401,0.316732,631.8540039,1.6599801,0.112704,1.77903,23.0345001,2.2832699,10.0549002,4.8598599,240.5379944,1.38008,2.10624,4.0728598,12.5197001,14.8986998,0.410304,193.8789978,0.367974,3.60236,6.2234702,5.0478902,164.7559967,14.0344,0.145401,75.211998,1.1569999,171.2160034,7.16436,759.2650146,1.68919,17.5440006,0.580381,20.9353008,40.6097984,76.9116974,-135.0950012,-6.96136
86,290000,4648000,0,14739,17179,19675,43.6787987,8.2400503,12.4251003,1.7402,0.295726,605.1950073,1.61788,0.144629,1.76823,26.1411991,2.76406,10.9106998,5.9923201,249.4940033,1.63736,2.4641399,3.8551199,13.3354998,13.9967003,0.528516,210.4559937,0.471359,3.65535,6.3285398,5.5605102,178.6349945,13.8322001,0.166639,75.3115997,1.19221,169.927002,7.4676499,900.0750122,1.7784801,21.7658997,0.59498,20.1860008,34.8120995,76.1412964,-135.0410004,-6.8702202
87,291000,4648000,0,14563,16390,19203,43.5625,9.1088104,12.1897001,2.1827099,0.276206,577.1970215,1.59474,0.177225,1.76315,28.7157993,3.17834,11.3936005,6.8288398,255.2350006,1.92291,2.9812,3.6624801,14.0474005,13.1778002,0.628685,227.0890045,0.546054,3.69278,6.3807802,6.0131102,191.947998,13.8552999,0.195468,75.4175034,1.22013,166.1790009,7.85467,1026.729981,1.85966,25.5258999,0.57717,19.4736996,29.4094009,74.8756027,-134.9609985,-5.3457799
88,280000,4647000,0,13282,15362,20593,62.1332016,13.1570997,12.1843996,2.99406,0.36811,378.6990051,2.3317399,0.407636,1.75825,33.8387985,5.17588,21.4041996,10.1618004,522.2709961,1.8717999,2.4529099,3.15832,18.1453991,19.2679996,1.06907,331.696991,0.444576,3.6185801,7.7550702,9.2702103,211.0740051,12.0614996,0.374314,76.3569031,2.1803501,168.4850006,7.70189,1398.780029,2.1349199,36.7613983,0.886832,25.3101997,38.9630013,95.9641037,-138.927002,2.0250001
89,281000,4647000,0,13524,15533,18853,59,14.2819996,12.8800001,2.2,0.35,381,2.0999999,0.44,2.1800001,40,7.5999999,33.5,13.6000004,528,2.5999999,2,2.5899999,20.2999992,18.2999992,1.71,481,0.56,3.72,7.8000002,13.3999996,286,7.9000001,0.41,74.5199966,2.04,177,6.4000001,1990,2.2,56.7999992,0.86,21.2000008,46.5999985,98,-137.5010071,9.0858803
90,282000,4647000,0,13492,15020,17789,56.9613991,11.7958002,12.3526001,2.2897799,0.374843,417.5220032,1.99142,0.359432,1.88424,33.5414009,5.0742698,20.2896004,8.8648195,501.8280029,1.88577,2.1499,3.16383,17.8659992,18.0044994,1.03843,334.6010132,0.431028,3.6022799,7.28304,9.2298899,220.9589996,11.4632998,0.362537,75.6119995,1.86246,173.1600037,7.2723198,1445.390015,1.97934,37.1190987,0.742702,22.6135006,36.1571999,89.7623978,-136.602005,-31.4997005
91,283000,4647000,0,13564,14572,17103,55,9.743,12.0100002,1.7,0.39,430,1.8,0.23,1.63,24,3.4000001,11.6000004,5.8000002,554,1.35,2,3.54,16.7999992,17.2999992,0.66,251,0.39,3.52,6.5,6.8000002,188,12.6000004,0.35,76.1500015,1.605,155,6.0999999,1110,1.7,24.8999996,0.56,22,30.6000004,72,-135.5820007,-70.2296982
92,284000,4647000,0,13607,15154,18190,50.5032997,8.4837704,11.9133997,1.47698,0.436382,420.0220032,1.9190201,0.273483,1.55497,25.9738007,3.17471,12.8176003,5.5548501,430.8989868,1.31765,2.3833899,3.5894599,15.3718004,16.9260006,0.590441,238.9819946,0.385078,3.5175099,6.7718902,6.5093398,166.7590027,12.7350998,0.280679,77.9285965,1.55117,155.5480042,7.34234,998.1229858,1.82068,22.3115005,0.571254,22.7912006,27.6277008,82.5579987,-135.2369995,-85.4132004
93,285000,4647000,0,13568,14686,16859,45,3.6329999,11.4300003,0.75,0.61,360,2.0999999,0.23,1.04,16,1.3,8,3.3,324,0.74,3,4.02,12.8999996,15.6999998,0.22,163,0.41,3.51,6.5999999,4.1999998,110,13.3999996,0.2,82.25,1.38,122,6.5999999,558,1.8,7.3000002,0.43,24.2999992,22.2000008,74,-134.9589996,-100.276001
94,287000,4647000,0,14557,16576,19185,44,4.8340001,12.8999996,0.82,0.4,630,1.8,0.11,1.73,17,1.8,6.8000002,3.7,308,0.87,2,3.9000001,13.5,16.2999992,0.29,183,0.42,3.6700001,6.3000002,4.3000002,159,7.6999998,0.16,77.3000031,1.21,182,6.4000001,615,1.3,12.8999996,0.54,20.5,20,101,-134.9459991,-33.8576012
95,288000,4647000,0,14667,16522,19377,44.6292,6.20682,12.6809998,1.1490999,0.369842,609.0499878,1.74341,0.132901,1.77034,21.9857006,2.26477,10.6576004,4.8172698,272.5130005,1.07052,2.0795701,4.0133801,13.2665997,15.6098003,0.390755,197.3209991,0.331652,3.6110301,6.3459501,5.0436301,155.3110046,12.3354998,0.172325,75.8268967,1.21345,169.3329926,6.9624801,724.7050171,1.4743201,16.6170998,0.645868,21.3206005,38.9878998,80.3789978,-134.9750061,-17.9601002
96,289000,4647000,0,14681,16550,19223,47,6.8870001,13.4200001,1.2,0.4,721,1.7,0.063,2.01,24,1.9,12.1999998,3.7,194,0.97,2,4.3299999,13.1000004,15.3999996,0.31,181,0.19,3.71,6.5,4.6999998,154,15.6999998,0.16,73.0800018,1.034,179,6.1999998,635,1.3,14.1999998,0.43,22,77.5999985,65,-135.1490021,12.6161003
97,290000,4647000,0,14627,16483,19343,43.4886017,6.8387198,12.4596004,1.5566601,0.307497,604.9899902,1.65073,0.138367,1.79233,24.7900009,2.5432601,11.5724001,5.4984002,244.4880066,1.3505599,2.31148,4.0205302,13.4118004,14.0574999,0.465571,202.6900024,0.33217,3.64046,6.3340702,5.3466101,161.2929993,13.4425001,0.18681,75.0119019,1.13969,156.026001,7.1026502,803.9589844,1.51509,19.2630997,0.602322,20.6231003,39.2798004,69.552597,-135.0700073,10.1942997
98,291000,4647000,0,13959,15847,18875,40,5.4819999,11.8100004,1.6,0.24,573,1.7,0.17,1.6,16,1.9,8.8000002,3.5,264,1.46,2,4.3499999,13,13,0.32,162,0.18,3.6400001,5.8000002,4.8000002,133,11.6000004,0.19,75.4800034,0.861,111,7.3000002,625,1.4,13.5,0.31,19.8999996,17.2000008,62,-135.1150055,10.2275
99,283000,4646000,0,13078,13329,15478,55.2067986,13.9327002,12.4570999,2.1499,0.364089,465.2730103,1.79347,0.323862,2.16417,34.8153992,5.2902098,20.8290005,8.65588,434.1669922,2.0178199,2.14323,2.94645,18.7278004,16.8598003,1.02132,336.8469849,0.400043,3.6022799,7.1282201,9.16432,229.8350067,11.5702,0.387926,74.9076004,1.84182,195.9199982,7.48774,1509.75,1.88798,40.0042,0.728336,21.7579002,34.5368996,94.5090027,-135.1820068,-40.1421013
100,284000,4646000,0,13507,15192,18176,51.8221016,11.6185999,12.3444004,1.89189,0.372487,448.506012,1.84284,0.348938,2.03616,32.1800003,4.75033,19.3048,7.4826198,411.644989,1.84797,2.3571,3.0938399,17.5969009,16.8892994,0.907925,309.7290039,0.408217,3.5992999,7.10006,8.5111399,207.223999,11.8927002,0.346443,75.8581009,1.71961,184.5059967,7.7107902,1355.439941,1.8643,35.8241997,0.683239,22.1105995,31.3868008,97.5374985,-135.1119995,-63.3093987
101,287000,4646000,0,14762,16793,19178,45.6119003,6.9452801,12.5970001,1.30436,0.380962,548.1259766,1.82542,0.188473,1.87071,26.5876999,3.1085801,13.3091002,5.9109602,304.7550049,1.28306,2.1535499,3.71245,14.1789999,16.4069004,0.557471,241.5850067,0.384921,3.6462801,6.4416499,6.2207398,168.3110046,11.2481003,0.217305,75.9531021,1.46378,172.871994,7.20892,927.4520264,1.51869,23.4976997,0.733506,21.5872993,28.0981007,83.4802017,-134.7660065,3.4688301
102,288000,4646000,0,14254,16060,19386,44.8930016,6.6589098,12.6702995,1.37284,0.362144,567.8389893,1.75003,0.173515,1.9157,25.7147999,3.2429199,15.0318003,7.4317698,278.2319946,1.22791,2.1071701,3.81634,14.0930004,15.7467003,0.606079,247.2890015,0.389662,3.6085801,6.4642801,6.3929601,170.3939972,12.0670996,0.22336,75.1651001,1.4549299,169.3220062,7.06078,959.6569824,1.4750299,25.0503998,0.962047,21.5319996,35.6218987,77.7897034,-134.7839966,4.24891
103,289000,4646000,0,14438,16475,19153,44.2487984,7.3145399,12.7616997,1.50807,0.346262,590.9489746,1.67263,0.156439,1.98332,25.2835999,3.4123199,16.5569992,9.1833496,250.772995,1.18264,2.0462101,3.8879499,14.1094999,14.9923,0.664949,255.5310059,0.409064,3.57129,6.4839401,6.5515399,175.5980072,12.9013996,0.232553,74.2461014,1.45136,168.6970062,7.03263,1010.070007,1.4521199,27.0671997,1.20109,21.4298,43.6811981,73.5938034,-134.7980042,22.9473
104,290000,4646000,0,14013,16078,18926,43.0714989,7.9822698,12.4069004,1.73032,0.31251,562.4990234,1.62143,0.166721,1.89183,28.3206997,3.4537799,15.5655003,8.7833796,251.3589935,1.28566,2.2499299,3.75964,14.2966003,14.1037998,0.69112,252.5850067,0.418954,3.56284,6.51789,6.48241,178.0379944,12.7426004,0.242438,74.9985962,1.38858,160.2169952,7.1786098,1036.910034,1.5464,27.4482994,0.935645,20.7430992,35.9830017,74.7865982,-134.7700043,19.3794003
105,291000,4646000,0,14022,16036,19012,42.2570992,8.2192001,12.0756998,1.94705,0.277603,526.1539917,1.57135,0.179061,1.8216701,30.8110008,3.5787499,15.0465002,8.2660398,257.5390015,1.40848,2.50913,3.58518,14.6313,13.0774002,0.72696,249.4129944,0.45011,3.57213,6.5771799,6.49262,181.2030029,12.5233002,0.252203,75.6927032,1.38283,152.9179993,7.3228998,1078.27002,1.64054,28.2870007,0.688115,20.1352005,28.0704002,75.3780975,-134.6620026,11.7537003
106,287000,4645000,0,14523,15972,18617,45,7.6490002,12.3900003,1.4,0.4,541,1.9,0.16,1.77,34,3.0999999,12.3999996,4.5,276,1.36,2,3.8499999,14,17.6000004,0.51,241,0.2,3.78,6.1999998,6.1999998,153,11.8999996,0.22,75.5,1.354,157,7.5999999,934,1.5,22.2999992,0.68,22.2999992,23.2000008,67,-134.576004,7.0000801
107,288000,4645000,0,14883,17231,18628,45.3008003,8.0792904,12.6896,1.66392,0.357278,530.9689941,1.75403,0.21,2.0915999,29.9097996,4.2710099,19.2705002,10.3481998,282.7319946,1.40192,2.11659,3.5850101,14.9937,15.7907,0.835095,300.9320068,0.466678,3.60482,6.5751801,7.7537198,189.4830017,11.8407001,0.276674,74.3331985,1.70941,172.9880066,7.2670598,1216.339966,1.49685,34.1198006,1.28859,21.6786995,32.9322014,76.4997025,-134.3930054,24.3180008
108,289000,4645000,0,14397,16125,18986,42,5.3410001,12.6700001,1.6,0.32,522,1.6,0.22,2.04,24,4.5999999,22.1000004,15.6999998,264,1.02,2,3.76,15.1000004,14.5,0.96,322,0.52,3.47,6.5999999,7.9000001,181,11.1000004,0.3,73.6500015,1.796,160,7.6999998,1300,1.3,37.5999985,2.8,21.8999996,32.2999992,72,-134.7160034,33.2061996
109,290000,4645000,0,13833,15545,18845,42.979599,8.8236504,12.3795996,1.90395,0.316371,512.9689941,1.59366,0.198187,2.01773,31.0597992,4.47258,20.1602001,12.0705996,263.6549988,1.2456501,2.22578,3.4556301,15.3318005,14.0314999,0.931738,303.2430115,0.5316,3.4981799,6.7233601,7.73736,196.3769989,12.0166998,0.298976,74.8934021,1.69635,165.772995,7.2536001,1290.319946,1.58524,36.301899,1.2865,20.9503994,32.6286011,79.6819992,-134.4869995,31.7423
110,287000,4644000,0,14703,16753,18369,50.8499985,10.1903,13.3121004,1.95487,0.341486,502.6679993,1.83307,0.235961,2.7339599,37.3203011,5.8225498,26.3223,10.4820004,312.1600037,2.1512401,2.6582,2.9575701,16.302,15.9013004,1.1364501,383.1849976,0.647592,3.7254901,6.8526502,10.2542,238.0910034,11.8592997,0.312732,72.6903,2.3289101,213.3309937,6.8832402,1578.880005,1.63474,48.6123009,0.821576,21.4076004,36.5802002,78.3015976,-133.8350067,27.0962009
111,288000,4644000,0,14196,15542,17990,48.0738983,10.6463003,13.1640997,2.04005,0.342139,512.4530029,1.74291,0.231895,2.6062801,33.8606987,5.7254601,25.0776997,13.1778002,290.7269897,1.88671,2.3573,3.1090701,16.0109997,15.3359003,1.1597199,381.4509888,0.655778,3.5954199,6.8000798,9.8508797,239.9759979,12.2606001,0.323934,72.7988968,2.0706699,204.548996,6.8498502,1571.170044,1.5929199,48.168499,1.07866,20.8999996,37.7649994,77.2143021,-133.852005,42.8793983
112,612000,4630000,0,11426,10522,10110,58.9287987,7.1606302,14.0074997,3.94996,0.550089,762.6209717,1.83935,0.117859,3.96051,99.1464005,6.8295202,40.3347015,14.0169001,397.7409973,3.25718,9.6432199,3.39573,19.5196991,14.4177999,1.3557,593.4819946,5.44385,3.78828,7.95994,7.6995001,550.0759888,15.3237,0.486426,63.6974983,1.86431,255.6029968,8.5767403,2419.070068,0.999263,50.5559006,1.08755,22.3516006,43.3154984,146.4309998,-214.7769928,70.7472
113,608000,4629000,0,10865,9847,10711,54.0635986,5.4124098,14.2902002,2.6415801,0.249801,658.1760254,2.02439,0.109234,3.64237,96.7129974,5.4820299,40.9743004,13.4414997,351.881012,3.3008299,10.0482998,3.0331099,20.1324005,10.4195004,1.24264,625.2719727,5.2239399,4.1084199,8.5105495,6.3252201,591.8369751,16.0347996,0.329188,63.9107018,1.92177,274.7640076,9.0191002,2447.449951,0.925643,45.3945007,0.929169,24.6819992,42.6018982,171.6419983,-216.4100037,125.538002
114,610000,4629000,0,11809,12330,14059,55.3722992,6.3970399,14.2596998,3.05654,0.583814,696.0609741,1.93274,0.108689,3.39663,84.8113022,5.6881399,37.8049011,13.0809002,366.9079895,3.1066999,8.8063402,3.3961599,20.1011009,12.2678003,1.24973,598.3519897,5.2045498,4.0269198,8.0467901,6.8221302,549.2280273,16.8337994,0.368172,63.9286995,1.87073,257.2399902,9.4016199,2349.830078,1.0025899,45.2915001,1.2065099,22.6954002,41.2085991,155.9259949,-216.6100006,130.0549927
115,611000,4629000,0,11718,11923,14986,50,7.8000002,14.2600002,2.9000001,1.3,653,1.8,0.09,2.23,69,5.02,39.5099983,13.6000004,408,2.79,9,3.6199999,24,11.1999998,1.0599999,570,6.1599998,4.0500002,7.4400001,7.77,504,19.1599998,0.32,65.2099991,2,250,10.8100004,2029,0.84,41.6800003,1.8,22.0300007,37.4000015,147,-216.1199951,120.8880005
116,612000,4629000,0,11504,11588,15320,55.700901,7.0349598,14.3411999,3.2981901,0.643303,825.5859985,1.88082,0.11507,3.7548201,89.3051987,5.8758702,37.4005013,12.6079998,373.4880066,2.98841,9.1550703,3.7990999,19.0056,12.9174995,1.31612,550.2139893,5.0757699,3.8992701,7.5133801,7.3702002,543.257019,16.1637993,0.383401,63.2304001,1.7782201,249.8670044,8.8051395,2234.080078,1.0364,46.1791,1.0963,20.3162003,38.3171005,134.927002,-216.3939972,132.0740051
117,613000,4629000,0,12071,13689,15137,60,6.5999999,14.6300001,3.3,0.5,926,2,0.15,4.29,106,7.6700001,32.6300011,13.0299997,334,3.23,9,3.9100001,15.5,15.8000002,1.49,563,3.3800001,3.9000001,7.29,7.71,614,13.8699999,0.44,62.3699989,1.6,256,9.6300001,2390,1.3,57.0400009,0.59,20.4799995,40.7000008,123,-215.723999,125.3379974
118,614000,4629000,0,11624,12147,13361,57.2994003,7.3406901,13.9111004,3.8737199,0.399883,870.1450195,2.0762501,0.118395,5.2131701,95.6763,5.91185,40.5862007,11.8837004,404.9129944,2.76581,8.98771,3.8698399,15.9076996,11.9672003,1.5547,482.3710022,4.9636102,3.6347101,7.2669201,7.6494999,522.8720093,15.1203003,0.348317,61.6316986,1.73307,260.0190125,7.8678999,1984.560059,1.21333,41.0677986,0.751168,16.6762009,34.5517006,112.0070038,-215.9100037,104.1119995
119,605000,4628000,0,11982,13553,15808,51.2937012,5.4296899,14.4897003,2.2082701,0.334768,716.5390015,1.82462,0.0998543,4.0555801,81.6822968,4.105,49.3981018,15.7700996,400.4710083,3.03023,14.4336004,3.28601,18.1730995,9.5297899,1.25194,509.1359863,6.7658601,3.8805001,6.9531298,8.3497,502.9660034,16.3500996,0.222661,63.6160011,1.8049099,329.8399963,8.0634203,1946.680054,0.785154,46.3745995,0.890269,18.3309994,34.2841988,128.3049927,-216.0269928,165.0299988
120,606000,4628000,0,11911,12140,13991,50.7141991,5.3143401,14.4421997,2.15042,0.253595,728.1049805,2.0035,0.108569,3.85976,84.7843018,4.0831599,47.0331001,14.5642004,370.4419861,2.9282401,14.4285002,3.34426,18.7852993,9.33957,1.19646,513.9609985,6.42379,3.9531901,7.2873201,7.0971899,525.315979,16.6588993,0.231069,63.6735001,1.82856,316.2919922,8.22715,1981.060059,0.745009,42.1300011,0.984291,19.5216007,34.4999008,137.8540039,-217.0509949,199.5829926
121,607000,4628000,0,11747,11832,13307,50.8314018,5.1776199,14.3724003,2.1071899,0.174842,732.1849976,2.20401,0.115682,3.6536801,89.4766998,4.0525899,43.9584999,13.1337004,327.0740051,2.8320799,14.1196003,3.35218,19.6322994,9.1451902,1.12571,517.3079834,5.8804898,4.0211501,7.6143799,6.0130701,550.8839722,16.9214001,0.243267,63.9105988,1.85811,302.1170044,8.4057102,2026.040039,0.735354,38.3624992,1.13617,20.7126007,34.5028,147.4980011,-217.598999,253.7109985
122,608000,4628000,0,11744,12186,14854,52.1419983,5.3963499,14.3921003,2.3891201,0.249965,739.617981,2.1357701,0.116429,3.7588899,84.9649963,4.3775301,41.4042015,12.7756996,330.42099,2.83707,11.2514,3.4703701,18.7003994,10.4457998,1.19639,526.2319946,5.5015802,4.02071,7.7105498,6.0845199,539.7150269,16.9368992,0.269266,63.5411987,1.81072,286.1870117,8.3448696,2090.75,0.834222,38.2248993,1.50744,20.2936001,35.3555984,145.2830048,-218.1190033,238.0870056
123,609000,4628000,0,11847,12058,14147,53.7979012,5.5680799,14.4061003,2.6898799,0.325381,741.0609741,2.06446,0.112935,3.8164001,82.2414017,4.7901902,39.4202003,12.2691002,330.2879944,2.8345699,8.7295399,3.6129601,17.8850002,11.8008003,1.25187,537.4039917,5.1998601,4.0213699,7.84484,6.0320101,523.6279907,16.9692993,0.299522,63.2338982,1.7787,267.3150024,8.4560804,2140.409912,0.921184,37.3949013,1.70899,19.9890995,36.4715996,144,-218.5420074,288.4400024
124,610000,4628000,0,11656,11726,14411,53.2146988,6.3137398,14.5681,2.72142,0.453483,805.4030151,1.95008,0.105716,3.74261,78.8235016,4.6514001,37.7508011,11.2493,323.7130127,2.7960501,8.0005503,3.88026,17.7394009,11.4895,1.2639199,512.7219849,5.1121302,3.99929,7.5565701,6.4625602,529.2739868,17.1194992,0.293216,63.0675011,1.73216,260.7860107,8.1300297,2180.040039,0.963532,39.2286987,1.44806,18.9433994,34.7574005,136.322998,-218.302002,212.923996
125,611000,4628000,0,11468,11730,14568,52.3305016,7.0983701,14.7118998,2.7823801,0.570018,873.3070068,1.81064,0.102782,3.6693399,75.0679016,4.4846301,36.3804016,10.4741001,332.7990112,2.7479401,7.1823101,4.17205,17.3595009,11.2704,1.2681201,487.6319885,5.2130799,3.9572501,7.2862902,6.8663702,528.3950195,17.3764992,0.289006,62.9290009,1.6927201,253.4859924,7.6700401,2202.800049,0.992091,40.5684013,1.2365201,17.8160992,33.1938019,130.3860016,-218.4960022,220.9400024
126,612000,4628000,0,10951,11009,13300,53.5699005,6.7859302,14.6097002,2.8713,0.446473,951.9979858,1.89639,0.10785,4.0019999,81.2798996,4.28021,35.9924011,10.2135,356.4249878,2.71137,8.7139397,4.3582802,17.8183994,11.2456999,1.29605,483.0610046,5.0370698,3.88466,7.2528601,6.8477702,516.0629883,17.2243004,0.300687,62.2154007,1.65001,241.3560028,6.9744101,2098.850098,0.977816,38.4067993,0.892946,16.8318005,32.4524002,124.8219986,-217.7859955,172.0890045
127,613000,4628000,0,11556,11958,12378,54.3969002,6.6184802,14.5551996,2.8928399,0.332896,1027.380005,1.96086,0.1149,4.3213501,86.126297,4.0095201,34.9762001,9.9395103,370.5650024,2.6696801,9.80023,4.5413198,17.6767006,11.1711998,1.31626,474.0750122,4.79954,3.82831,7.2317801,6.9879198,504.9979858,16.8560009,0.303964,61.5264015,1.58135,229.1929932,6.2262201,2000.599976,0.977167,36.3772011,0.683909,15.7795,31.4571991,117.4489975,-217.7299957,168.6959991
128,614000,4628000,0,12056,13597,14940,54.2846985,6.97856,14.4490995,2.9568901,0.357145,1028.670044,1.97498,0.110712,4.5479698,83.2463989,3.8215599,35.4480019,9.2353096,381.8129883,2.48176,8.7860098,4.6305099,15.3722,10.1498003,1.2824399,442.2120056,4.8207998,3.75611,7.0979199,6.8023601,477.1340027,15.9832001,0.268918,61.5499992,1.56068,222.4219971,6.0805702,1785.400024,1.0284899,30.9370003,0.651431,14.0059996,28.8598003,108.0739975,-217.3419952,158.9620056
129,615000,4628000,0,12678,14479,15455,54.4347992,7.2857499,14.3381996,3.1152699,0.357374,1026.5,1.99537,0.110672,4.8755102,84.8255997,3.70312,37.3446007,8.80266,390.3640137,2.329,8.34799,4.6834698,13.4209003,9.3941402,1.27124,414.8469849,4.9119101,3.6788099,6.9189401,6.7962499,452.697998,15.7122002,0.24023,61.3464012,1.5343,218.6239929,5.99049,1592.199951,1.0764101,26.2040997,0.606235,12.2958002,26.9631004,98.2671967,-217.1790009,144.7539978
130,616000,4628000,0,11981,13612,16054,54.2859001,9.7204905,14.0228996,3.0179901,0.696241,865.5939941,2.3106,0.126785,4.7519398,80.1815033,3.23558,39.1590996,9.1919804,333.7009888,2.20577,8.1430197,4.64394,12.5289001,10.1424999,1.2179,391.07901,5.1914601,3.5889399,7.46837,6.72263,410.7650146,16.8675995,0.230358,62.424099,1.49288,220.4620056,7.0300398,1462.839966,1.12286,25.9944,0.571803,12.5677004,24.6366997,90.858902,-217.1329956,95.9449997
131,608000,4627000,0,11784,12508,15370,50.6004982,5.3150201,14.4779997,2.15365,0.245325,814.7089844,2.25139,0.120827,3.82232,75.3832016,3.3412001,42.3190002,11.9776001,306.5,2.35653,12.8002996,3.93203,17.3344994,10.5832996,1.12915,428.4159851,5.8488002,3.9335899,6.9584398,5.7000299,481.322998,17.8733006,0.214402,63.2571983,1.71328,294.2319946,7.8105302,1712.540039,0.72846,30.1611996,1.95488,16.0195007,28.3861008,119.9899979,-219.3509979,237.3959961
132,609000,4627000,0,11798,12853,15377,50,5,14.3500004,2.8,0.3,828,2,0.09,4.3699999,77,3.71,45.9900017,10.4200001,304,2.3599999,9,4.2199998,18,11.1999998,1.3200001,454,5.8699999,3.9300001,7.54,4.7800002,442,17.0200005,0.24,62.0699997,1.8,242,7.52,1748,0.68,24.1399994,2.76,15.75,29.1000004,120,-219.3860016,249.4129944
133,610000,4627000,0,11720,12789,15217,50.8316994,6.2635598,14.8576002,2.4240699,0.313473,915.4940186,1.94187,0.107183,4.0819802,72.6250992,3.58552,37.9898987,9.6861601,296.071991,2.4728601,7.0560498,4.38484,15.099,10.8720999,1.2663,426.2080078,5.20402,3.95239,7.0794802,6.0880198,501.3900146,17.5093994,0.22166,62.2624016,1.59964,263.605011,6.7171402,1991.099976,0.909619,32.6441994,1.76473,15.1022997,28.5007,118.4860001,-219.6380005,223.1560059
134,611000,4627000,0,12181,13523,14632,50,8.1999998,15.5299997,2.5,0.2,1135,1.5,0.1,4.7600002,63,4.0799999,31.4500008,5.8600001,232,2.71,2,4.9400001,9.6000099,9.3999996,1.5599999,377,4.5799999,3.9100001,6.7600002,6.4000001,602,16.1100006,0.19,60.7000008,1.4,264,5.3200002,2604,1.3,44.8300018,0.490001,13.0500002,26.7000008,105,-219.2859955,228.6799927
135,614000,4627000,0,11697,12496,13631,51.5346985,6.5114198,14.9968004,2.1391201,0.277976,1185.099976,1.8674001,0.107123,3.9804399,75.3587036,1.81549,31.7196999,6.8868799,356.8280029,2.23981,9.1348801,5.35534,15.1686001,8.60777,1.02993,407.8460083,4.7529898,3.8749199,6.8793502,6.1458802,434.9060059,17.3931007,0.1969,61.2314987,1.38152,187.6909943,4.3091998,1611.050049,0.836956,21.5042,0.539481,11.4160995,23.9799995,104.2539978,-218.4880066,206.9120026
136,615000,4627000,0,11617,13336,16317,50,5,16.0900002,0.8,0.2,1513,1.4,0.11,2.75,63,1.25,20.6599998,3.9400001,334,1.99,6,6.0999999,8.6999998,7.1999998,0.53,377,3.3,4.1399999,5.96,4.8600001,419,12.9300003,0.14,62.1300011,1,135,2.8099999,1296,0.8,12.4200001,0.4,8.1099997,19.1000004,89,-218.3769989,208.9080048
137,616000,4627000,0,11067,12338,16243,54.0635986,8.2895699,14.3855,2.49069,0.373462,989.9370117,2.1249299,0.125362,4.2761698,77.9518967,2.3556399,36.2692986,7.6055102,317.2080078,2.13324,8.8305502,5.1508899,11.7271004,9.2398596,1.02012,385.8720093,5.5318999,3.6672001,7.1697602,6.56603,394.2319946,17.4972992,0.206012,62.3825989,1.43902,186.0449982,5.9351802,1416.52002,0.922016,19.9627991,0.519999,11.4320002,22.6592999,92.3007965,-218.1589966,105.9199982
138,610000,4626000,0,12274,14251,16230,50.3571014,5.8354101,14.9766998,1.97495,0.310751,889.2800293,2.13938,0.126803,3.71316,69.572998,2.5095999,37.9413986,10.2369003,297.2160034,2.0856299,6.9640498,4.4787698,13.1962004,12.0508003,1.03389,356.7099915,5.14676,3.95965,6.62043,6.5395799,445.3789978,19.0401001,0.179642,63.1375008,1.4571199,280.1820068,6.0918398,1601.640015,0.852857,24.8836002,2.2962999,12.6139002,24.2388992,107.5699997,-221.3569946,171.2879944
139,611000,4626000,0,11618,12478,14717,50.6930008,6.23806,15.2011995,2.0165701,0.269261,952.8259888,1.98497,0.102386,3.72539,68.0270996,2.39393,36.6469002,8.6863003,287.5249939,2.1698899,6.6152701,4.7899899,12.9376001,11.0059004,1.04659,356.8080139,4.92173,3.9672599,6.44736,6.3709502,456.2160034,18.7833004,0.177304,62.6898994,1.43598,270.1369934,5.7182298,1720.130005,0.857375,27.0415001,1.05336,12.1891003,24.1467991,109.6750031,-221.2769928,167.552002
140,612000,4626000,0,11185,11728,12896,50.7141991,6.03583,15.2061996,1.97856,0.242871,1017.049988,1.93569,0.0964268,3.6324899,69.7126007,1.81415,35.1021004,7.8540101,323.7969971,2.1721301,7.4278102,5.13027,14.9841995,9.8003502,0.984291,377.9500122,5.0663099,3.96823,6.57341,6.1343398,431.1180115,18.5270996,0.172853,62.2673988,1.43212,235.0859985,4.7543602,1629.790039,0.758609,23.8117008,0.83326,11.7360001,23.7427006,118.3170013,-220.5579987,209.8240051
141,613000,4626000,0,10740,11059,14402,51.360199,5.80898,15.1576004,2.0209601,0.184707,1067.079956,1.90851,0.0958692,3.63185,71.8947983,1.3214999,33.5969009,7.2391801,365.7619934,2.19783,8.3948898,5.4189601,17.3565006,8.7138004,0.94903,403.4100037,5.16468,3.9500699,6.79357,5.9221601,409.8590088,18.3286991,0.16892,61.7494011,1.46773,202.7230072,3.7888401,1559.479981,0.673554,20.8481007,0.527457,11.3585997,23.8735008,128.8289948,-220.3049927,226.7160034
142,614000,4626000,0,11708,13260,15942,52.1425018,6.0569601,15.4211998,2.10706,0.20356,1106.560059,1.71429,0.102854,3.59231,74.4633026,1.4659899,30.7133007,6.5526299,325.9349976,2.24069,7.6778402,5.6532502,13.9148998,8.4786501,0.874226,416.0320129,4.7059002,3.9721799,6.75776,6.0626502,410.4869995,17.4636993,0.1707,61.5360985,1.36075,177.5420074,4.2136598,1581.479981,0.72351,18.8780003,0.498918,10.8849001,24.0142994,115.6559982,-219.6040039,272.2839966
143,615000,4626000,0,12388,14771,17044,52.2943993,6.4745898,15.6886997,2.06815,0.309283,1137.130005,1.5322,0.107971,3.42224,73.8544998,1.51161,27.6228008,5.86727,289.4639893,2.2460101,6.5715799,5.8737202,10.3956003,8.2957602,0.772778,426.2109985,4.22716,4.0071402,6.7540002,6.0405598,407.4670105,16.5578003,0.169661,61.5685005,1.23562,153.2109985,4.79705,1567.23999,0.79798,16.4930992,0.4897,10.5107002,23.7108994,101.8929977,-219.1430054,258.8309937
144,616000,4626000,0,11877,13297,15636,53.2132988,8.9784498,14.9539003,2.8999701,0.382155,989.992981,1.7998199,0.131073,4.3555799,87.5734024,2.1149099,38.7198982,7.39465,296.6830139,2.3689899,9.0353498,5.4569502,11.6499004,9.4928398,1.00853,428.7630005,5.9576502,3.73365,7.2977901,7.0345302,405.6170044,20.0641003,0.196777,61.2153015,1.41423,171.529007,5.8817701,1636.130005,0.891443,19.6455994,0.542854,11.6709003,25.8258991,102.8259964,-218.7579956,170.8249969
145,612000,4625000,0,12674,14403,15565,51.0625992,5.38166,15.4160004,1.66882,0.197681,942.9240112,2.007,0.095423,3.13661,68.0515976,1.13776,36.4037018,8.1377697,324.5570068,1.94231,7.1618199,5.2813301,14.2616997,10.1798,0.735811,349.4649963,5.1557899,4.0304399,6.2427402,5.81356,377.5350037,19.0408993,0.136151,63.2090988,1.41019,240.3930054,4.4854898,1313.199951,0.607724,17.2873001,0.735591,10.3065004,21.7381992,125.4759979,-221.4920044,206.0780029
146,613000,4625000,0,12755,15281,17440,50,5,15.6499996,1.5,0.1,969,1.9,0.09,2.8699999,69,0.85,35.2000008,7.1700001,418,2.0599999,6,5.7800002,20,8.3999996,0.64,395,6,4.0500002,6.4200001,4.8800001,344,18,0.11,62.9500008,1.6,201,1.89,1204,0.4,17.0300007,0.46,10.1000004,23.5,181,-221.2070007,232.677002
147,614000,4625000,0,10840,12234,16916,52.2630997,5.71562,15.8502998,1.95553,0.215264,1017.719971,1.5710599,0.0965009,3.0599301,70.3675995,1.0352,29.2954006,6.22574,299.5320129,2.2067201,5.7872601,5.9369001,12.6125002,8.3981504,0.690128,423.3240051,4.5893898,4.0866699,6.66781,5.80515,382.5559998,17.3696995,0.142236,62.1034012,1.32267,167.7089996,4.2915001,1514.959961,0.633902,15.8762999,0.477782,10.4750996,23.6546993,126.8389969,-220.4219971,378.7219849
148,615000,4625000,0,11098,12803,16546,50,5,16.8099995,1.9,0.3,1080,1,0.1,2.46,59,0.75,16.4500008,4.5300002,194,2.3,2,6.6399999,5,7.1999998,0.51,461,2.48,4.27,6.79,6.1199999,392,15.0799999,0.14,61.4399986,1,113,5.5100002,1750,0.8,12.1999998,0.49,10.1800003,23.7000008,88,-220.1210022,403.480011
149,616000,4625000,0,11290,12960,16942,52.6337013,9.3431396,15.5105,3.2550399,0.37672,982.6420288,1.45705,0.132201,4.3954201,98.6000977,1.95294,40.3316002,7.2140198,264.6090088,2.59583,9.1288605,5.7378702,11.0058002,9.94561,0.983251,471.401001,6.2994099,3.81848,7.3919201,7.4271002,417.6099854,22.4335995,0.192536,60.2532005,1.35412,157.5390015,5.8863301,1846.689941,0.861802,19.6166992,0.565502,11.9912004,29.0571995,111.8659973,-219.173996,248.6600037
150,617000,4625000,0,11092,11829,13442,50,17.3999996,15.04,5.8000002,0.7,994,1.4,0.19,7.3699999,177,3.6900001,76.3300018,10.3800001,262,3.4000001,19,5.1799998,14.8000002,13.6000004,1.61,540,12.46,3.3199999,8.4499998,10.5699997,490,38.1199989,0.27,56.0299988,1.6,180,6.48,2475,1.14,29.8600006,0.79,14.4200001,43,128,-218.9830017,220.4559937
151,613000,4624000,0,12362,14836,17403,54.4370003,5.2684999,15.5112,1.9738899,0.213346,890.1989746,1.74108,0.0884114,2.8882799,72.8479004,1.03275,31.5501003,6.7430501,304.6919861,2.0985999,5.0370598,5.68186,12.5983,9.21346,0.634785,408.2130127,4.60147,4.1415,6.34899,5.5954299,353.1839905,16.9797001,0.135976,63.4477997,1.29329,184.0039978,4.6012201,1350.979981,0.519301,15.3692999,0.447599,10.6285,22.4617004,146.0859985,-221.7929993,162.7570038
152,614000,4624000,0,11453,13107,17028,56.0707016,5.6212902,15.8080997,2.19996,0.232156,919.9069824,1.52862,0.0928557,2.95174,74.1083984,0.958229,28.7380009,6.1072798,278.7090149,2.26493,5.8562999,5.9617,12.1955004,8.75735,0.634624,449.6640015,4.2236199,4.1410899,6.65622,5.8937502,370.2000122,17.0578995,0.144283,62.3791008,1.29994,157.1840057,4.88939,1517.380005,0.542133,14.1823997,0.462133,10.7264996,23.9671993,142.2850037,-221.0590057,223.2749939
153,615000,4624000,0,10868,12160,17102,58.2341003,5.9802098,16.0401993,2.4279799,0.235773,936.1749878,1.34642,0.0971547,3.0392799,74.3797989,1.0041,25.7588997,5.5486102,248.7720032,2.4245,6.7441401,6.1943002,11.6309004,8.3121901,0.651948,486.427002,3.8075399,4.1286402,6.9697199,6.2256799,389.8670044,17.0179005,0.154211,61.425499,1.33819,133.4069977,5.27877,1686.859985,0.559842,13.6686001,0.477845,10.8752003,25.3159008,136.8500061,-220.3000031,236.6239929
154,616000,4624000,0,12613,14945,17563,57.1441994,7.5135498,15.6458998,2.87837,0.307103,908.460022,1.37857,0.105709,3.8503201,86.4586029,1.5197999,33.1333008,6.28686,255.6430054,2.5288899,7.99962,5.8951101,11.2182999,9.4495697,0.856689,490.0020142,5.0051599,3.95222,7.08531,6.5880098,406.92099,19.5151997,0.178203,60.7643013,1.37858,149.6719971,6.0290499,1748.819946,0.693493,16.1956997,0.497128,11.8310003,27.3241005,131.076004,-219.6100006,206.2160034
155,617000,4624000,0,11327,12763,15456,55.4382019,9.3348398,15.0584002,3.52895,0.38963,874.7199707,1.4402601,0.125093,5.1521802,98.9801025,2.0490201,40.4089012,7.1389298,265.7650146,2.64341,9.1339703,5.4935198,11.1408997,10.7340002,1.1553,490.0490112,6.1704798,3.7067299,7.26932,7.0332398,426.1600037,22.1863003,0.222404,59.5438004,1.39964,169.9960022,6.8379002,1820.420044,0.883495,19.4370003,0.518854,12.9320002,29.5459003,124.5719986,-219.0679932,175.2579956
156,618000,4624000,0,11346,12932,17079,53.5730019,8.3640099,14.2145996,3.37851,0.328579,762.0310059,1.71772,0.114284,5.4724598,88.6417007,2.3136699,41.2799988,8.0274096,336.1749878,2.4414401,9.7853003,4.9930601,11.4956999,11.2566996,1.26818,452.973999,5.79424,3.5539999,7.60186,7.0349302,414.8569946,20.4214001,0.232141,60.4756012,1.44282,199.7030029,6.7677102,1648.709961,0.882851,22.1709995,0.493548,12.9309998,26.5643997,113.2890015,-218.6009979,79.0560989
205,740000,4711000,1,11797,14195,16655,59.1491013,56.3013,12.7238998,4.5344601,0.629746,411.4140015,1.91637,0.551707,4.0710702,68.493103,6.0210099,39.5845985,15.3941002,248.5079956,2.68802,8.8560801,2.2439101,15.0726004,22.8304996,1.40008,383.2200012,0.660142,3.78111,8.2896605,12.2356005,390.6109924,15.6597996,0.241432,67.0495987,1.74965,349.0710144,5.5148501,2359.629883,1.68813,47.4611015,0.95176,15.6201,39.4860001,109.1380005,-242.1569977,-113.6039963
206,741000,4711000,1,10950,10630,10675,64,90,12.7700005,5.0999999,0.8,417,2,0.88,3.8299999,80,5.4000001,26.2000008,17.2999992,295,2.8699999,9,2.26,15,24.7000008,1.15,389,0.9,3.8399999,9.3000002,10.1999998,439,17.5,0.22,67.8899994,2.4000001,338,5.5999999,2670,2.0999999,46.7000008,1.74,18.6000004,40.2000008,128,-242.9949951,-115.8929977
207,742000,4711000,1,10872,10644,10850,57.7055016,79.6585007,12.6864004,4.6937399,0.575451,458.5679932,2.0816901,0.519036,4.4524598,75.1191025,10.0263996,85.1100998,18.5354996,216.0050049,3.06249,8.8934002,2.27194,15.0207005,19.2460003,2.50402,443.5549927,0.656705,3.59726,8.5059795,20.6249008,405.5469971,14.3444996,0.233924,66.2764969,1.77449,354.5239868,5.6890702,2420.580078,1.68582,75.9209976,1.1076,15.1000004,38.4790993,97.1031036,-243.9420013,-117.2519989
208,739000,4708000,1,11352,11904,12306,45.8694992,23.3155003,12.4933004,4.2582302,0.741636,401.0809937,1.71091,0.241635,4.5615301,57.0539017,4.9287,26.5907001,14.2160997,198.4779968,2.05439,8.68085,2.1015201,15.3657999,14.3051996,0.991631,323.1119995,0.413647,3.67976,6.56248,9.0638199,312.3940125,11.6974001,0.292849,65.7294998,1.32839,408.1440125,5.24615,1814.280029,1.21622,31.8714008,0.80871,11.2851,30.6467991,87.2954025,-244.6419983,-135.7859955
209,740000,4708000,1,11520,12134,12779,42.9982986,35.9077988,12.7905998,3.60674,0.686398,381.7399902,1.7856801,0.205352,4.5180702,60.3563004,6.3246102,46.5561981,13.5704002,191.9949951,2.2481501,8.8214798,1.9942,15.2571001,14.9961004,1.40774,349.7449951,0.388193,3.79616,6.5925002,13.0777998,336.3559875,11.3639002,0.256419,65.9664001,1.23567,386.7789917,5.3714299,1898.189941,1.21069,38.3480988,0.843539,11.5033998,32.3526993,87.0363998,-245.1519928,-134.3809967
210,735000,4707000,1,12082,13456,14517,30,8.6999998,13.1599998,0.600001,2.5999999,1060,1.8,0.12,2.1800001,50,3.5999999,7.6999998,4.4000001,126,1.3,9,3.79,15,16,0.13,225,0.25,3.8499999,5.0999999,5,204,13,0.12,70.8799973,1,437,3.8,1250,1.1,13,0.38,6.3000002,23.6000004,63,-239.4259949,-120.6529999
211,736000,4707000,1,11450,12370,14740,38.8190002,25.2250996,12.6857996,3.8893499,1.46931,674.1680298,1.7693,0.151382,3.5239601,59.4687996,5.1042199,18.0795002,9.8802404,182.9989929,2.0803001,9.0555296,2.7832,15.4387999,15.7730999,0.734,354.0440063,0.329311,3.78403,6.9320698,8.04457,287.7149963,13.4609003,0.268401,69.2405014,1.03141,372.0629883,6.18818,1814.819946,1.29456,32.5205002,0.788299,11.3022003,32.1918983,91.0684967,-240.6000061,-119.7900009
212,737000,4707000,1,11570,12693,15347,48,23,13.0500002,6.0999999,1.2,594,1.9,0.16,3.8399999,70,4.6999998,20.2000008,12,237,2.45,8,2.6199999,16.3999996,17.7000008,1.05,414,0.42,3.6300001,8.1999998,8.3999996,326,17,0.38,69,1,347,9.8000002,2140,1.7,37.2000008,1.23,14.8999996,41.2000008,125,-242.1470032,-115.8310013
1366,695000,4711000,2,10920,11537,14036,54.0825005,18.1362991,10.6091003,3.03756,2.00652,562.3259888,1.18892,0.152207,4.3146501,71.8897018,6.7542801,26.9846001,23.6289005,224.8139954,2.4605801,11.4841995,2.0099101,15.7469997,8.2375402,1.14935,415.678009,0.617393,3.25526,6.3119502,13.1997995,365.6409912,10.9759998,0.307742,70.2843018,1.183,260.5950012,6.0296998,2028.449951,1.30081,45.6733017,1.31733,14.5613003,32.3815994,78.7621994,-186.9689941,-113.5439987
1367,696000,4711000,2,11802,13001,16831,53.8177986,18.5846004,10.7634001,3.20772,2.05703,596.7349854,1.23771,0.15528,4.3942699,68.9901962,6.5829301,26.0238991,21.3064003,218.4980011,2.36553,11.4047003,2.1733,15.6996002,7.9223099,1.05889,393.3850098,0.605027,3.2545099,6.3898201,12.6963997,345.7059937,11.2735996,0.32568,70.1838989,1.17579,254.8959961,6.2256498,2006.920044,1.26966,43.8563004,1.37401,14.0431004,32.0186005,78.3768997,-186.7409973,-131.5709991
1368,697000,4711000,2,11429,12892,16285,54.398201,18.6537991,10.8072004,3.4205999,1.8836,620.4089966,1.24431,0.159238,4.6107202,71.9831009,6.21595,21.3924999,19.5639,219.3500061,2.2970901,11.3417997,2.29563,15.8586998,7.6490598,0.946849,382.8410034,0.628407,3.20245,6.4429698,10.7923002,333.0820007,11.6181002,0.342159,70.0243988,1.17873,247.3509979,6.3912601,2018.069946,1.26978,42.4459,1.36081,13.8308001,32.2108994,79.1432037,-185.6929932,-219.4519958
1369,698000,4711000,2,11307,12430,15393,55.6930008,17.5412006,10.6594,4.09724,1.9945101,679.9730225,1.27616,0.170233,4.7522898,74.8999023,5.6185999,20.1114998,16.8341007,223.375,2.10675,11.3561001,2.5853901,16.1105003,7.3951402,0.81575,349.57901,0.662961,3.0593801,6.6314201,9.8497696,310.8640137,12.2487001,0.362449,70.4337997,1.16965,231.1609955,6.7677102,1938.910034,1.31344,37.271801,1.34647,13.2433004,31.2693996,80.9384003,-185.4440002,-226.5910034
1370,699000,4711000,2,11297,12238,15496,57.5359001,16.3966007,10.368,4.4437199,2.0036299,725.9119873,1.27096,0.178803,5.0081701,80.1097031,5.1697998,19.4391994,16.1420994,229.2890015,1.97505,11.3703003,2.7632699,16.5014,7.48944,0.722291,336.6849976,0.706575,2.87853,6.7589798,9.1629601,298.9790039,12.868,0.379252,70.7774963,1.18045,218.1320038,6.9313402,1877.829956,1.38424,33.2787018,1.2857701,13.1429996,30.7933998,82.5558014,-184.7480011,-250.8350067
1371,701000,4711000,2,11432,12891,16464,58.3885002,15.6996002,10.1574001,4.7775502,2.1872301,805.2089844,1.34745,0.192592,4.9893599,76.0523987,4.7358899,18.5093002,14.6355,239.5449982,1.85096,11.2025995,2.9924901,17.0932007,8.6680298,0.629192,318.0750122,0.712945,2.7441101,7.2382002,8.7076302,291.6919861,13.7186003,0.430317,71.2538986,1.20465,206.9850006,7.3779202,1823.869995,1.51992,29.2264996,1.28377,13.2556,30.5736008,85.7358017,-184.3589935,-211.1959991
1372,702000,4711000,2,11351,12280,15762,59.2556992,16.3474998,10.2783003,5.0550399,2.08234,826.960022,1.40469,0.197117,4.7855902,77.3058014,4.7841401,18.4297009,13.5957003,246.6109924,1.8768899,11.04,3.0818801,17.2415009,9.46527,0.651582,318.2430115,0.728212,2.7739699,7.4576998,8.7700996,295.2049866,14.0035,0.445359,71.2033997,1.24345,210.0480042,7.8238902,1832.339966,1.5815001,29.2884998,1.32205,13.4857998,30.6917992,88.5438004,-184.2649994,-181.6880035
1373,703000,4711000,2,10967,11037,13831,59.0578003,16.7096004,10.3760996,5.09902,1.95339,836.1680298,1.44152,0.198219,4.5187898,77.0731964,4.81003,17.8656006,13.2327995,246.621994,1.99046,10.9075003,3.1423099,16.9493999,9.5401297,0.659765,314.1239929,0.72276,2.8411701,7.5169802,8.6011,299.4150085,14.1501999,0.454872,71.3318024,1.2765,213.798996,8.1150103,1812.51001,1.62657,28.4533005,1.34822,13.3973999,30.1492004,89.8889008,-184.2969971,-107.0439987
1374,704000,4711000,2,11154,11442,14573,60.2839012,17.6163006,10.5965996,5.4362998,1.79791,828.6160278,1.50149,0.204248,4.2943802,75.588501,4.9242802,18.2497997,13.2912998,258.4509888,2.09517,10.7390003,3.2394099,16.9356995,10.0167999,0.709636,321.3590088,0.759711,2.89747,7.65063,8.80334,305.1489868,14.0257998,0.456566,71.2320023,1.3362401,222.3970032,8.1648798,1841.680054,1.6977299,29.0505009,1.3836401,13.3708,30.4692993,94.0589981,-184.4799957,-52.5294991
