X,Y,B1,B4,B7,Ag,B,Al2O3,As,Au,Ba,Be,Bi,CaO,Cd,Co,Cr,Cu,F,Fe2O3,Hg,K2O,La,Li,MgO,Mn,Mo,Na2O,Nb,Ni,P,Pb,Sb,SiO2,Sn,Sr,Th,Ti,U,V,W,Y2,Zn,Zr,Gravity,Magnetic,type
264835.8479,4642498.573,13593,14560,17600,58.8604012,19.8439007,11.6559,3.5513201,1.21689,798.6279907,1.47618,0.171117,2.1640899,45.3296013,4.83213,14.9863997,10.6007004,279.4649963,2.0402601,5.6781502,3.49195,20.7796001,14.2915001,0.850927,417.8739929,0.750634,3.0750699,7.7178798,7.2582302,293.980011,13.2559004,0.464314,74.3707962,1.70534,333.07901,7.3619099,1547.839966,2.0567701,34.9309998,0.754372,21.3062,42.2806015,93.1679993,-141.371994,60.1232986,4
265835.8479,4642498.573,13777,15120,18522,63.4249992,17.6921997,11.1584997,3.6533201,2.50226,813.3339844,1.43218,0.174954,1.91835,42.7865982,4.4786901,12.7538004,8.7865105,280.2780151,1.89832,6.21452,3.3696799,19.6254997,13.7396002,0.738272,378.7799988,0.751823,2.94151,7.2645302,6.7501101,276.9020081,13.5536003,0.432142,74.6828003,1.67071,290.3089905,7.0465298,1411.150024,2.0107701,31.4769993,0.748942,20.8540001,38.4604988,88.8945999,-141.3500061,68.0119019,4
266835.8479,4642498.573,13959,15796,19925,67.5423965,15.5304003,10.7299995,3.8777101,3.83303,829.0770264,1.39013,0.180628,1.79267,40.8810997,4.3248501,11.3711996,7.6683698,279.6069946,1.80111,6.6702399,3.2272899,18.6408997,13.4730997,0.683569,343.0549927,0.733748,2.8176501,6.8984599,6.5187898,283.2409973,14.0338001,0.409231,74.6789017,1.6294399,241.7669983,6.9334102,1351.430054,1.98457,29.3167992,0.74079,20.6278,34.8955002,88.1046982,-141.3480072,75.7806015,4
267835.8479,4642498.573,13908,15153,18378,66.928299,14.0839996,11.302,3.6214199,2.4354701,789.6489868,1.4,0.152896,2.0002899,38.1795006,4.1928802,10.3247995,7.5427999,253.5720062,1.83357,8.9281197,3.08217,18.4892006,13.5,0.69071,350.7489929,0.741436,3.0110099,6.7036099,6.0785599,287.9289856,14.3107004,0.407856,74.3811035,1.70595,252.423996,6.98211,1355.709961,2.02143,30.2604008,0.728571,20.7964001,34.6896019,82.6788025,-141.2369995,119.8440018,4
268835.8479,4642498.573,13949,15434,18925,66.8442001,12.4073,11.8776999,3.34167,1.18627,747.2769775,1.4037499,0.130272,2.2098,35.4604988,4.0313902,9.9372396,7.4092498,228.6390076,1.8645999,11.2721004,2.9200699,18.2388992,13.5177002,0.690513,354.3590088,0.739576,3.20228,6.4456301,5.9040399,282.3670044,14.4399996,0.399655,74.0679016,1.77732,264.5079956,6.87115,1332.609985,2.0478201,31.0289993,0.722906,20.7154007,34.8484993,79.018898,-141.2480011,122.4110031,4
269835.8479,4642498.573,13739,14928,17742,69.1753998,12.9188995,12.1878004,3.91401,0.967962,799.8900146,1.43928,0.136033,2.28215,37.6773987,4.4211602,11.0059996,8.74224,238.701004,2.0188601,8.7171402,2.9999399,19.2528992,14.8992004,0.776393,387.0920105,0.817487,3.25035,6.8105402,6.36759,309.1719971,15.6350002,0.481382,73.3572998,1.84304,290.0599976,7.1711998,1487.069946,2.0999701,34.5980988,0.794948,21.8955994,40.5862007,86.816803,-141.227005,110.151001,4
270835.8479,4642498.573,13546,14649,17733,72.6154022,13.6092997,12.5105,4.5397902,0.534877,849.177002,1.48256,0.139504,2.3284099,41.797699,4.8365002,12.3650999,10.2210999,254.2749939,2.1951399,6.2079301,3.1020401,20.3656006,16.3437004,0.855281,429.9930115,0.908186,3.3017299,7.2043099,6.8456001,325.9880066,17.3300991,0.572835,72.6781998,1.92275,314.0840149,7.4099302,1634.880005,2.15675,38.4440002,0.872806,23.2231998,47.3922997,94.3499985,-141.2949982,99.5110016,4
271835.8479,4642498.573,13704,15028,17353,76.4597015,13.7435999,12.6856003,4.7000599,0.561091,862.3809814,1.54283,0.170348,2.2850001,43.2857018,4.88205,13.2208004,10.9675999,271.6270142,2.2667601,5.2505898,3.1521001,20.6389999,16.9818001,0.904601,429.54599,0.861844,3.3474801,7.33568,7.3996301,320.9590149,17.1252995,0.59785,72.6390991,1.95657,319.1390076,7.0928602,1690.310059,2.1428499,40.5488014,0.894985,23.5461998,50.2673988,96.9981003,-141.5370026,67.7370987,4
272835.8479,4642498.573,13699,15144,17566,77.6875992,13.7812004,12.8582001,4.8165798,0.519292,868.5930176,1.62159,0.210264,2.2617199,43.5792999,4.9320302,13.8950005,11.5101004,290.1730042,2.33974,4.11303,3.2014699,21.0303001,17.6436005,0.979967,426.4450073,0.819074,3.42061,7.5610499,7.9181499,330.3210144,16.6009007,0.611818,72.4608994,2.0062399,320.6080017,7.0602899,1774.310059,2.1754601,42.3800011,0.921133,24.1273003,51.6673012,100.7949982,-141.5679932,52.6861,4
273835.8479,4642498.573,13789,15304,17754,75.0719986,12.9482002,12.9496002,4.5359101,0.391441,833.2700195,1.63928,0.211151,2.2771201,42.1795006,5.0998998,15.4313002,11.6570997,313.9859924,2.40674,3.6429999,3.1203799,21.3962994,17.4678993,1.04389,434.3160095,0.893561,3.4871199,7.6178598,8.0676804,328.8210144,15.9038,0.593567,72.4464035,2.1744599,311.7879944,7.1286201,1814.040039,2.18572,44.7984009,0.994595,23.9501991,50.3993988,105.0680008,-141.6080017,33.0191002,4
277835.8479,4642498.573,13198,14030,16317,69.285202,15.6742001,12.6253004,4.2179599,0.372825,707.1790161,1.69997,0.199648,2.0627999,38.9299011,5.3677802,17.5629997,10.4968004,391.8049927,2.4482,2.53564,2.8146501,20.0214005,15.5535002,1.16176,396.322998,0.97614,3.6117799,7.5535402,8.4854603,301.855011,11.9863005,0.445362,73.2869034,2.5483799,265.1400146,6.7284799,1776.040039,2.1749899,46.9846992,1.07187,22.9566994,42.1724014,99.4262009,-139.4069977,25.0862007,4
278835.8479,4642498.573,13339,14360,16343,68.5263977,16.8624001,12.6393003,3.8800399,0.419845,700.5,1.69286,0.208314,2.09624,37.5376015,5.18363,17.8316994,9.6373301,355.1990051,2.3884301,2.4295299,2.79933,19.8297005,14.7598,1.1129301,373.7820129,0.870349,3.61444,7.4661899,8.5662003,297.2369995,11.1120996,0.416049,73.4098969,2.46156,261.1690063,6.7927399,1745.790039,2.1494801,45.9196014,0.971363,22.9382,38.8153,98.8051987,-138.8320007,22.0333996,4
279835.8479,4642498.573,13551,14896,17306,65.6076965,17.7730007,12.8806,3.7536399,0.385367,711.9609985,1.72853,0.235349,2.4059601,39.4276009,5.3676901,18.9631996,9.8211403,343.6430054,2.4235301,2.2142799,2.6900499,20.4246998,14.7603998,1.16602,380.9570007,0.767214,3.6421199,7.69275,8.9925404,314.0629883,11.3070002,0.429993,72.861702,2.506,272.9580078,6.9927201,1838.150024,2.1428599,47.6306992,0.922893,23.1711006,40.2559013,102.6760025,-137.3480072,10.4970999,4
280835.8479,4642498.573,13557,14871,17294,62.7695007,18.7621002,13.1159,3.41466,0.34462,720.3309937,1.76803,0.251599,2.6927199,41.5196991,5.66397,20.2425995,10.2875996,331.3800049,2.4814899,2.1524899,2.59038,21.0037003,14.9115,1.22465,389.0209961,0.643081,3.6591001,7.9077201,9.4088898,329.4089966,11.6132002,0.440025,72.3238983,2.5446401,285.9020081,7.17765,1932.839966,2.12007,50.0223999,0.857924,23.5046997,42.111599,107.2180023,-136.7749939,-3.4031799,4
281835.8479,4642498.573,13238,14197,16596,60.1430016,19.7040005,13.5281,3.10356,0.338576,704.78302,1.78927,0.285716,3.44965,40.2849998,6.4212899,23.0631008,11.4638996,339.0650024,2.6753099,2.4286499,2.47574,21.8568993,15.2068996,1.37424,426.2449951,0.612864,3.7121401,8.0785103,10.6174002,351.8880005,11.8248997,0.450352,71.3248978,2.4279399,297.9970093,7.5855899,2087.810059,2.11428,56.0628014,0.807152,23.5820007,46.8529015,108.9629974,-135.3809967,-6.4093099,4
259835.8479,4641498.573,13801,15062,17565,59.1692009,12.8797998,11.9453001,3.6259401,0.678019,695.3359985,1.86887,0.241738,3.86886,39.0447998,6.0324001,22.9878998,12.6076002,315.4760132,2.3164201,5.86973,2.82569,23.6023006,17.1587009,1.1276799,337.802002,0.816092,3.1427901,8.10147,12.0038996,419.8880005,13.2609997,0.410692,71.155098,2.0418301,342.2709961,7.2505698,1846.660034,2.13309,43.3742981,1.09352,22.3227005,32.1010017,144.6210022,-142.7510071,89.2062988,4
263835.8479,4641498.573,13865,15123,18604,58.2131996,19.0272999,12.0313997,3.36042,0.762662,737.9890137,1.54594,0.153813,2.9086201,45.8241997,5.3654499,15.6233997,12.4553003,285.4920044,2.27245,6.9122701,3.3013501,23.5890007,14.6282997,1.02845,450.9769897,0.81547,3.1768799,7.7266998,8.3808298,321.3880005,12.8739004,0.412335,72.0800018,1.64832,601.2769775,6.86202,1698.689941,1.94877,40.9724007,0.778952,21.3302994,47.9241982,108.9049988,-140.5350037,100.6959991,4
264835.8479,4641498.573,13978,15458,18756,45,29.8419991,12.6800003,2.8,0.42,658,1.5,0.18,2.51,43,5.3000002,12.6999998,16.1000004,294,2.3900001,5,3.8399999,21.2999992,15.1999998,1.04,608,0.81,3.23,8.8999996,6.5,350,13.1999998,0.34,71.7799988,1.717,254,8.1000004,1880,2.5,43.0999985,0.83,23.5,58.7000008,95,-140.4759979,101.0179977,4
265835.8479,4641498.573,13906,15396,18537,56.9543991,20.3596992,11.4909,3.1762199,1.1465,744.7230225,1.49577,0.166512,2.18009,42.3838005,4.8563199,12.4660997,10.5818996,260.8120117,2.09466,6.3929701,3.3684199,19.7085991,14.1077003,0.88369,433.6730042,0.796161,3.0213599,7.6131301,6.9271498,313.8580017,14.0948,0.383268,73.3901978,1.7172101,287.973999,7.1140199,1574.380005,2.0943201,35.089901,0.754673,21.5951004,43.8074989,91.7129974,-140.5570068,101.2870026,4
266835.8479,4641498.573,13905,15252,19153,60,20.9020004,10.0900002,3.3,0.45,845,1.4,0.15,1.47,48,4.5,8.1000004,7.4000001,218,1.9299999,7,3.25,18.2000008,14.3000002,0.65,371,0.93,2.5799999,7.1999998,6,267,15.1000004,0.45,74.6800003,1.533,223,6.6999998,1350,2.0999999,30.2000008,0.76,21,41.7000008,83,-140.4250031,111.4589996,4
267835.8479,4641498.573,13927,15326,19259,60.2304993,14.0865002,11.4315996,3.1995699,1.24359,733.4429932,1.4602799,0.136574,2.10883,37.7496986,4.0992498,8.7792702,7.33113,218.8760071,1.8849601,11.5528002,3.0420799,17.9547005,13.2312002,0.732381,362.2070007,0.8031,3.06376,6.8094602,5.9019599,306.4679871,14.4049997,0.370061,74.4367981,1.6928999,250.4279938,6.77946,1375.800049,2.0218899,29.6800995,0.690511,20.7066994,35.1212006,80.3574982,-140.5500031,133.0540009,4
268835.8479,4641498.573,14598,16142,18977,55,6.7270002,12.29,2.5999999,0.380001,623,1.4,0.1,2.3599999,30,3.3,5.0999999,6.3000002,158,1.74,25,2.6800001,16,11.5,0.57,331,0.88,3.3499999,5.9000001,5.1999998,239,12,0.29,75.7799988,1.446,252,6,1070,2,27.3999996,0.54,18.2999992,25.7000008,58,-140.5720062,134.0209961,4
269835.8479,4641498.573,13863,15185,18019,59.9511986,10.9631996,12.2494001,3.8597801,0.966667,746.026001,1.46948,0.129211,2.3529501,36.6836014,4.1296401,9.0418501,8.1233597,209.8190002,1.99738,11.3590002,2.9150701,18.4034004,13.9523001,0.76234,396.1170044,0.893985,3.29758,6.8157501,5.9092999,319.0780029,15.2923002,0.437545,73.8795013,1.66106,282.9949951,6.7913299,1443.099976,2.0274301,32.4693985,0.728162,21.3964005,37.9076996,83.3942032,-140.5749969,123.9670029,4
270835.8479,4641498.573,13703,14867,17855,51,11.3789997,12.54,5.3000002,0.27,827,1.5,0.14,2.26,42,4.5999999,10,10.1000004,206,2.1900001,6,3.01,19.5,15.8000002,0.77,502,1.2,3.29,7.3000002,6.0999999,300,17.8999996,0.61,73.5,1.345,308,6.9000001,1520,2.0999999,37.2000008,0.82,22.8999996,49.7999992,83,-140.5870056,113.7470016,4
271835.8479,4641498.573,13692,14714,17562,67.5194016,12.6634998,12.6021004,4.7010899,0.715256,849.2340088,1.53128,0.179373,2.3233399,41.1285019,4.51299,11.4587002,10.0838003,231.7420044,2.16888,5.54247,3.06267,20.0708008,16.0244999,0.838834,421.5740051,0.906116,3.36535,7.34936,6.7193799,326.2999878,16.6359005,0.546669,72.8766022,1.74351,314.1029968,7.0299802,1602.140015,2.0780699,36.8333015,0.826192,23.2856998,45.1313019,95.4772034,-140.8130035,60.5495987,4
272835.8479,4641498.573,13622,14819,17823,84,14.5240002,12.6000004,5.6999998,0.49,986,1.6,0.24,2.23,45,4.5999999,12.5,12,228,2.1700001,4,3.28,21.1000004,18,0.85,394,0.82,3.3199999,7.6999998,7.5,343,17.7000008,0.61,72.5,1.7359999,337,7.1999998,1680,2.0999999,38.2000008,0.79,25,47.5999985,95,-140.8150024,52.9272995,4
273835.8479,4641498.573,13761,15176,17795,72.0650024,12.1691999,12.8224001,4.2582598,0.531511,854.0079956,1.55972,0.21109,2.30163,39.844799,4.4548202,12.8395004,10.1584997,258.7909851,2.1735101,3.9862199,3.10358,20.7325001,16.3033009,0.872349,396.9649963,0.85069,3.45011,7.4662499,7.1605701,316.5889893,15.8877001,0.546033,72.8812027,1.8457,312.9070129,7.02915,1620.079956,2.10974,37.9057999,0.941329,23.2928009,44.5896988,104.3730011,-141.0939941,-6.1167898,4
274835.8479,4641498.573,13883,15438,17690,69,8.677,13.0799999,3.5,0.39,853,1.5,0.17,2.45,34,4,12.3999996,8.6999998,218,2.01,4,3.1600001,20.6000004,15.8999996,0.77,377,0.78,3.4100001,7.4000001,6.9000001,320,16,0.59,73.8499985,1.498,316,6.6999998,1530,2,35.7999992,1.1,22.2999992,42.5999985,114,-140.9620056,-1.62589,4
275835.8479,4641498.573,13650,14978,16895,68.3550034,12.3432999,12.7149,3.93958,0.328864,755.1719971,1.57261,0.215023,2.13785,40.3158989,4.6935301,12.9842997,10.5115004,362.20401,2.2642701,3.1068001,2.9286699,20.3027992,15.4863997,0.981606,397.4609985,1.00691,3.5722001,7.4233098,7.2660699,302.3009949,14.7166996,0.485269,73.379097,2.03861,278.8519897,6.8036299,1627.170044,2.13972,40.2868996,1.16544,22.1329002,44.3157997,101.7070007,-140.4109955,33.6310997,4
277835.8479,4641498.573,13276,14180,15925,68.2677002,15.0474997,12.4033003,3.9929099,0.337789,715.927002,1.5806,0.20664,1.94209,40.3289986,4.8291602,13.9452,10.1885004,395.4400024,2.3143599,2.3532,2.8600199,19.7210999,14.3761997,1.02165,375.4330139,1.0956399,3.5875399,7.29281,7.6564298,290.8619995,12.6115999,0.425042,73.7264023,2.1309099,255.6929932,6.5092301,1628.290039,2.1461,42.1464005,1.16251,21.6795998,40.7137985,93.9372025,-139.0420074,41.3003006,4
267835.8479,4640498.573,13914,15453,18658,58.3216019,13.5469999,11.7131004,3.13574,1.1021399,684.3969727,1.6357599,0.134828,2.69609,37.5009995,4.4144702,10.8653002,7.8395,237.2969971,2.0346899,8.8548498,3.0622201,18.9039993,13.7039003,1.01041,380.0079956,0.738189,3.20068,7.27877,6.5216799,414.7600098,15.9649,0.325359,73.078598,1.9379801,262.0700073,7.3179598,1675.060059,1.98928,31.0363007,0.710738,21.9862995,38.6949997,94.0753021,-139.0339966,158.5820007,4
268835.8479,4640498.573,14081,15468,18784,59.6537018,10.6464005,12.0383997,3.22995,1.13282,682.572998,1.5767,0.11207,2.98964,36.6319008,4.1959,9.4886103,7.4411702,224.548996,2.0095501,11.1568003,2.8834901,18.8740997,13.4440002,1.0597,364.5069885,0.763019,3.30968,7.1436501,6.1258702,498.4110107,15.6659002,0.324783,72.8403015,1.88511,276.506012,7.7374001,1804.089966,2.0102401,30.5153999,0.691272,21.5020008,35.1837006,99.0269012,-139.1300049,148.3890076,4
269835.8479,4640498.573,13990,15489,18575,59.6077995,11.0916004,12.3470001,3.6889999,1.43856,713.9780273,1.5428801,0.1256,2.6723199,36.8568993,4.2249498,9.8355303,7.8174901,220.5039978,2.0878401,9.0004797,2.88463,19.0321999,13.9390001,0.926873,387.5539856,0.777447,3.3721499,7.2500401,6.0606899,417.5660095,16.0142002,0.386744,73.0018997,1.86818,288.9609985,7.16465,1670.839966,1.96429,32.0632019,0.751052,21.9606991,39.2195015,104.8249969,-139.0039978,145.5399933,4
270835.8479,4640498.573,13703,14705,17491,59.5126991,11.0448999,12.665,4.1792202,2.0245399,740.6229858,1.5602601,0.146444,2.50791,37.5749016,4.31745,10.4527998,8.3172998,224.4320068,2.17661,6.8936801,2.8615401,19.1233006,14.3063002,0.838673,411.7319946,0.800115,3.4363401,7.3429198,6.13241,349.3559875,16.2185993,0.443778,72.8920975,1.8504601,300.276001,6.5771298,1557.229981,1.9231499,34.0617981,0.807978,22.9575005,42.4141998,111.4639969,-139.3419952,131.0469971,4
271835.8479,4640498.573,13800,14912,17778,63.9600983,12.1698999,12.6643,4.1926799,1.37967,788.0670166,1.60355,0.180736,2.4425299,41.6057014,4.3213501,11.1281004,8.9458199,232.496994,2.1810701,5.8933702,2.9438601,19.6602993,15.0314999,0.82999,404.3970032,0.798211,3.4428799,7.3928199,6.3568501,341.5339966,16.3533993,0.471402,72.7089996,1.86964,308.8150024,6.7248802,1578.680054,2.0071101,34.549099,0.833571,23.9281006,42.9132004,108.8960037,-139.3739929,119.973999,4
272835.8479,4640498.573,13691,14811,17986,68.7985992,13.4881001,12.7075996,4.1825399,0.745669,834.492981,1.61965,0.211354,2.39256,46.3189011,4.3871799,12.2123003,9.71698,241.2980042,2.20472,4.5777302,3.0064299,20.2257004,15.8078003,0.824512,399.5100098,0.790293,3.44665,7.4064002,6.6787901,323.8210144,16.4834003,0.496645,72.4707031,1.88086,319.5379944,6.7734599,1595.25,2.0527999,35.7061996,0.854594,24.2632008,44.3507004,106.0139999,-139.6889954,100.7860031,4
273835.8479,4640498.573,13706,14685,17170,64.0341034,12.3474998,12.8907003,3.6178401,0.606099,775.7780151,1.61072,0.239653,2.3517799,42.9300995,4.0392199,11.2783003,8.7427301,256.4949951,2.1092801,4.2143998,2.9835601,20.2248993,14.8891001,0.800699,392.822998,0.82607,3.56215,7.35356,6.2926798,303.2099915,15.7679005,0.449982,72.498703,1.8184299,293.5690002,7.2143998,1492.839966,2.1893101,33.1203995,0.885675,23.7823009,41.7960014,106.7129974,-139.9759979,75.5701981,4
274835.8479,4640498.573,13812,14865,17213,59.5192986,11.1907997,13.0443001,3.0253,0.409056,723.8779907,1.56496,0.261954,2.3160601,38.6958008,3.72925,10.6780005,7.7301898,267.4400024,2.0076499,3.8040099,2.97716,20.2928009,14.0625,0.782273,383.901001,0.860223,3.65957,7.3096199,6.0062499,279.6589966,14.9674997,0.403288,72.4639969,1.7768101,268.2770081,7.7165399,1395.089966,2.3315599,30.4668999,0.910885,22.8673992,38.7378006,108.7949982,-139.8379974,66.2555008,4
275835.8479,4640498.573,13809,15387,17754,67.531601,12.1799002,12.8593998,3.4139299,0.351113,740.9949951,1.5356899,0.24108,2.21509,39.7482986,4.1425099,11.5709,8.7489996,318.9530029,2.1259699,3.35741,2.94361,20.2856998,14.4816999,0.865642,381.2109985,0.937081,3.6300099,7.2571201,6.5032001,286.3479919,14.9177999,0.403562,72.9228973,1.8967,276.8540039,7.1396499,1491.349976,2.24648,34.2683983,1.00562,21.9393005,39.955101,110.1800003,-139.7409973,62.5792007,4
276835.8479,4640498.573,13397,14309,16653,74.8768005,13.099,12.7059002,3.7632101,0.296542,751.7589722,1.5708899,0.227215,2.1187201,41.2573013,4.5334001,12.3016005,9.6533604,372.8670044,2.2307999,2.9439199,2.9033799,20.2299995,14.8401003,0.945104,376.8359985,0.990438,3.6277499,7.2309799,6.9792399,298.7550049,14.9476995,0.400547,73.4222031,2.0559001,282.9790039,6.5988102,1582.229981,2.1630599,37.6464996,1.09132,21.7269993,41.5542984,112.0650024,-139.2610016,60.4770012,4
277835.8479,4640498.573,13095,13636,16394,73.8972015,13.6413002,12.4743996,3.6035399,0.34069,748.9520264,1.54287,0.207866,2.0625601,38.5718002,4.3964,12.8889999,8.7999697,343.3529968,2.2010601,2.5716901,2.9185901,19.7681999,14.0325003,0.913918,355.8580017,0.995665,3.5696499,7.1071601,7.04986,291.7219849,13.658,0.38964,73.7785034,1.99581,273.3720093,6.4928498,1568.02002,2.15358,37.6954994,1.03212,21.4573994,38.2722015,112.6500015,-138.6439972,51.332901,4
278835.8479,4640498.573,13261,14423,16851,73.6612015,14.5180998,12.2587996,3.4688799,0.384982,753.3809814,1.52118,0.184716,2.0160601,36.7034988,4.30439,13.6365995,8.0843801,316.598999,2.1900599,2.17664,2.92486,19.3346004,13.2636003,0.891925,336.5759888,0.995365,3.50179,6.9552202,7.1788702,285.9500122,12.4879999,0.379213,74.0963974,1.9506,265.4949951,6.3159399,1561.869995,2.11778,38.3278999,0.972938,21.1502991,35.3279991,112.3980026,-138.0919952,52.6286011,4
268835.8479,4639498.573,14307,15865,19544,62,11.0719995,11.8999996,3.4000001,0.88,684,1.7,0.079,4.1799998,42,4.4000001,9.3999996,7.6999998,260,2.1300001,5,2.9100001,21.2999992,14.5,1.75,359,0.7,3.4000001,8.1999998,5.9000001,1020,18.2999992,0.29,69.9499969,2.158,309,11,2960,2.2,29.7999992,0.73,24.1000004,33.2999992,134,-137.9559937,146.223999,4
269835.8479,4639498.573,14686,15981,20636,59.2872009,10.6761999,12.4682999,3.5364201,2.18999,676.4470215,1.66745,0.12843,3.1561999,37.3849983,4.3912401,10.9454002,7.6251798,239.4980011,2.1888299,6.6813202,2.8243101,19.6079998,13.7805996,1.1378,379.696991,0.667391,3.4516201,7.6655302,6.3685498,529,16.5695,0.329404,71.8314972,2.0799699,293.9710083,7.5279298,1918.459961,1.90424,32.1403008,0.770493,23.0186005,39.7318001,127.4369965,-138.3150024,151.8990021,4
270835.8479,4639498.573,13810,14873,17523,57,8.8529997,12.9700003,3.8,5.8000002,614,1.4,0.14,2.4200001,28,3.8,9.1999998,6,214,2.21,7,2.6500001,17.7000008,12.1000004,0.73,373,0.49,3.5999999,7.5,5.1999998,286,15,0.33,72.8499985,2.049,284,5.4000001,1330,1.6,30.3999996,0.85,21.5,35.5,148,-138.2019958,145.2810059,4
271835.8479,4639498.573,13770,14766,16995,61.0052986,11.9157,12.7806997,3.6754,2.0541899,727.0900269,1.659,0.178297,2.57517,42.7957001,4.2135601,11.2819004,7.9763098,235.2169952,2.21893,5.8540902,2.80445,19.2924995,14.1153002,0.824957,390.1849976,0.682359,3.51932,7.4038901,6.1226902,346.3179932,16.0674,0.395075,72.4766006,2.0018599,306.3500061,6.2933202,1551.420044,1.89537,33.1136017,0.837299,24.0734005,41.8362999,122.2470016,-138.6300049,158.3890076,4
272835.8479,4639498.573,13586,14594,17440,67,15.8979998,12.1499996,3.5999999,0.36,850,1.5,0.19,2.45,60,4.5,13.5,10.1000004,236,2.3099999,5,2.9200001,19.8999996,16.1000004,0.81,396,0.76,3.3199999,7.1999998,6.5,319,17,0.49,72.5999985,1.893,350,6,1680,1.9,35.7999992,0.94,22.5,45,107,-138.6009979,143.2180023,4
273835.8479,4639498.573,13613,14416,17050,56.2397003,12.5176001,12.9504004,2.9370301,0.6061,703.6140137,1.63541,0.262518,2.4159901,45.2505989,3.6681099,10.0978003,7.2834201,250.0010071,2.04228,4.37744,2.8770499,19.7961998,13.5663996,0.736656,386.6789856,0.796731,3.6607399,7.2477899,5.5388598,288.3169861,15.5303001,0.353498,72.023201,1.82039,275.178009,7.4609098,1373.369995,2.2755301,28.3747005,0.820602,23.9636002,38.5467987,110.427002,-138.9190063,170.8540039,4
274835.8479,4639498.573,13753,14596,16720,31,10.6040001,12.9700003,1.2,0.5,508,1.4,0.42,2.0699999,34,2,5.1999998,3.4000001,236,1.55,4,2.9300001,19.7999992,9.8999996,0.54,366,0.93,3.98,7.1999998,3.4000001,157,13.5,0.15,71.1200027,1.5319999,158,10.5,854,3,11.8000002,0.67,21.2000008,26.3999996,101,-138.826004,137.1159973,4
275835.8479,4639498.573,13684,14617,16853,65.9213028,11.8980999,13.0643997,2.8387499,0.376154,718.5479736,1.56503,0.273608,2.3068199,39.6043015,3.58267,10.0475998,6.8749399,278.7369995,1.97886,3.63395,2.9463301,20.2306004,13.4266005,0.749902,364.3680115,0.84203,3.72101,7.1191401,5.7316098,276.6380005,15.1684999,0.317879,72.4692993,1.80278,272.6830139,7.5114598,1353.160034,2.3540699,27.9559994,0.834791,22.4659996,36.0065002,119.4150009,-138.6080017,142.621994,4
276835.8479,4639498.573,13648,14998,17395,102,13.6120005,12.75,3.7,0.25,918,1.6,0.24,2.25,38,4.3000002,13.1999998,8.1999998,298,2.1400001,4,3.1300001,21.7999992,15.6999998,0.85,341,0.78,3.54,7.0999999,7,330,16.3999996,0.38,73.6200027,2.0999999,357,6.0999999,1660,2.2,34.5999985,0.87,22.8999996,39.5999985,141,-138.3040009,108.0589981,4
277835.8479,4639498.573,13575,14780,17144,80.2847977,12.5651999,12.5714998,3.2460799,0.342971,789.8510132,1.51335,0.204316,2.19677,37.7466011,4.0275502,12.0741997,7.5823002,294.5700073,2.11116,2.7603199,2.9667201,19.8386993,13.7650003,0.819058,338.5899963,0.89079,3.5434599,6.8891902,6.53269,294.5409851,14.8371,0.354946,73.778801,1.88493,293.3529968,6.3915501,1518.73999,2.1293099,33.9525986,0.900406,21.1846008,36.2519989,130.7160034,-137.6629944,59.6539001,4
278835.8479,4639498.573,13640,14964,17539,83,12.5559998,11.5600004,2.8,0.38,786,1.4,0.16,1.98,30,3.7,11.8999996,6.5999999,272,2.1400001,2,2.9400001,18.5,11.8999996,0.78,312,1.1,3.3099999,6.3000002,6.0999999,266,14.1999998,0.32,75.0999985,1.842,267,6.0999999,1480,2.2,34.4000015,0.93,20,32.4000015,137,-137.0939941,69.0289993,4
279835.8479,4639498.573,13609,15045,17500,78.1856003,13.7907,12.5248003,3.09132,0.416514,729.1040039,1.50055,0.180239,2.3013599,36.2944984,4.2905698,12.7299004,7.6094699,295.3649902,2.19052,2.20016,2.8418901,19.2630005,12.7306004,0.89093,330.0910034,0.754518,3.5683701,7.0592899,6.5303998,295.9909973,12.4412003,0.351185,73.8769989,1.96232,274.2799988,6.4302802,1642.680054,2.0954299,38.4460983,0.822834,21.4477005,35.4141998,130.1179962,-136.0379944,98.2297974,4
277835.8479,4638498.573,13870,15173,17592,70.5701981,10.8240004,13.1099005,2.9857199,0.368922,755.0360107,1.52502,0.195714,2.4658201,41.1071014,3.89291,11.5321999,7.2929802,270.7109985,2.03214,2.67871,2.9228599,19.2894993,13.7361002,0.776435,341.9700012,0.757093,3.67219,6.8857899,6.4751401,298.8320007,15.243,0.335357,72.9707031,1.7545201,290.6879883,6.5535798,1442.290039,1.96071,31.1317997,0.77997,20.2751999,36.3862,138.8240051,-137.1710052,67.1741028,4
278835.8479,4638498.573,13633,14947,17430,70.6706009,10.816,12.8099003,2.9660001,0.386557,753.7680054,1.51863,0.191378,2.37099,43.8908005,3.8499801,11.6486998,7.0388098,266.5610046,2.0099399,2.2664599,2.91291,18.8125,13.2449999,0.760017,330.1539917,0.75376,3.6363299,6.8249898,6.3298101,287.4909973,15.2603998,0.342303,73.5543976,1.77467,278.42099,6.5455098,1438.130005,1.8486,31.3605003,0.778813,19.6788998,35.7445984,138.7129974,-136.4329987,92.9764023,4
279835.8479,4638498.573,13625,15011,17442,72.9262009,12.7111998,12.7184,3.0035501,0.427133,751.4310303,1.51073,0.178582,2.35934,42.6465988,4.1712999,12.1569004,7.3711801,270.7770081,2.0806501,2.3213799,2.87644,18.7000008,12.9967003,0.826745,331.7850037,0.650336,3.58934,6.9107199,6.4463201,292.605011,13.6724997,0.341072,73.3888016,1.82972,270.5750122,6.4036899,1534.939941,1.84992,35.0513,0.742834,20.0531998,35.482399,134.6100006,-135.5850067,124.7720032,4
384835.8479,4637498.573,12911,12770,14699,68,3.27,68.8499985,0.74,0.74,12,2.5,12.6499996,3.27,85,5.5,12.6999998,12.6000004,330,2.5,4,2.3099999,14.5,9.3999996,1.25,504,0.34,3.9300001,5.4000001,7,424,9.3000002,0.27,12.6499996,0.727,234,6.6999998,2040,1.6,50.2999992,0.48,20.5,46.0999985,117,-156.5859985,-178.4320068,4
385835.8479,4637498.573,13157,16076,17595,68.1605988,3.7908399,68.921402,1.06761,1.06761,13.4834995,2.87626,12.4863005,3.7908399,79.4944992,6.2631402,13.1051998,14.0342999,330.6799927,2.87626,4.96877,2.1769199,15.0997,9.81388,1.30803,534.7680054,0.613854,3.86238,6.1949401,7.7800102,438.6440125,10.0562,0.303,12.4863005,0.841445,245.9819946,7.0001001,1804.849976,1.5796601,57.3434982,0.541152,21.0370007,45.3054008,114.038002,-157.0070038,-180.628006,4
484835.8479,4637498.573,12507,13987,15042,56,11.1999998,13.1499996,6,1.1,663,2.05,0.13,3.03,70,3.0699999,11.6999998,10.1999998,209,1.84,10,4.1300001,15,7.9000001,0.4,215,0.84,3.3900001,8.8000002,6.7800002,270,10,0.38,68.9599991,1,206,6.5999999,1440,1.9,37.7000008,0.79,21.8999996,26.3999996,174,-172.0169983,-141.3390045,4
383835.8479,4636498.573,13058,13903,15945,68.2854996,4.03021,68.9044037,1.04283,1.04283,13.9646997,2.83582,12.5393,4.03021,81.7130966,6.0073199,13.2539997,14.3146,306.7099915,2.83582,6.3580399,2.37322,14.4570999,9.9786701,1.20858,532.6229858,0.693977,3.7167499,7.28545,8.0001602,415.8580017,10.1611004,0.286427,12.5393,0.765735,266.8659973,6.95714,1906.819946,1.49641,57.0135994,0.50573,20.3036003,46.1391983,108.8170013,-155.8110046,-140.5679932,4
383835.8479,4635498.573,12257,12598,13655,70.006897,3.32586,70.6430969,0.723727,0.723727,13.7663002,2.61676,12.7575998,3.32586,51.4009018,5.45929,12.2448997,14.0003004,274.0740051,2.61676,6.20439,2.5289099,13.6700001,9.3352203,1.0530699,463.3760071,0.647499,3.77473,8.2972097,7.87253,384.4809875,9.2320404,0.259747,12.7575998,0.634257,251.3269958,7.4458699,1853.880005,1.4485,50.0065002,0.464646,19.2381001,40.6012001,110.9560013,-155.9420013,-115.9700012,4
382835.8479,4634498.573,13004,14163,16044,70.2315979,3.3085101,70.6437988,0.687723,0.687723,17.0272999,2.67873,13.1030998,3.3085101,53.0481987,5.59481,12.2024002,17.2185993,264.6340027,2.67873,5.8913102,2.5227101,13.8650999,9.7304401,1.03643,479.6589966,0.777162,3.8582699,5.9471598,7.84202,397.2539978,10.5183001,0.281309,13.1030998,0.574919,266.3789978,7.25038,1756.310059,1.46294,49.6337013,0.467044,19.5648003,41.7369995,108.0650024,-155.302002,-83.952301,4
480835.8479,4633498.573,12183,13387,14421,37,13,11.8100004,5.8000002,1.5,713,2.04,0.11,1.63,50,3.97,9.4300003,15.8999996,385,1.4299999,10,4.9000001,15,5.0999999,0.21,164,0.84,3.0999999,11.8999996,5.6599998,230,10.5,0.36,75.0899963,1.2,181,8.0299997,969,1.5,20.8999996,0.78,28.7999992,33.2999992,201,-172.423996,-157.8070068,4
488835.8479,4633498.573,11521,12104,12761,36,14.5,12.6000004,5.3000002,1.1,750,2.1500001,0.12,1.66,50,3.99,11.8999996,11.1000004,226,2.29,10,3.8199999,15,6.5,0.44,327,1.2,3.48,10.8000002,7.9000001,420,12,0.27,71.7900009,1.1,194,9.2399998,1850,1.6,34.2000008,0.72,30.5,44.2999992,200,-179.201004,-129.1380005,4
489835.8479,4633498.573,11662,12597,13487,44.9678001,14.4672003,12.4222002,5.9474502,2.5538499,776.9219971,2.0859699,0.150966,2.5615301,58.1287994,3.8687201,12.0429001,12.2747002,344.8309937,2.2987499,10,3.7107999,15.1594,6.8645902,0.470247,367.178009,0.988415,3.3928399,11.4253998,7.9256902,434.803009,12.3962002,0.341664,70.0335999,1.1973,200.4730072,9.6290998,1898.98999,1.73128,34.8874016,0.877336,30.5242996,37.7302017,198.3829956,-180.7929993,-123.5879974,4
490835.8479,4633498.573,11846,13086,14262,49,13.5,12.0600004,6,6,792,2.02,0.19,4.3200002,60,3.48,10.6999998,13.1999998,604,2.0799999,10,3.7,15,6.0999999,0.42,306,0.85,3.25,11.6000004,7.4699998,439,12,0.29,67.4599991,1.2,192,10,1780,1.5,30.5,1.1,31,33.0999985,193,-181.4089966,-109.064003,4
491835.8479,4633498.573,11414,11913,13080,43.1803017,13.5356998,12.4336996,5.5967798,2.5190301,828.901001,2.1145899,0.17593,2.3842101,58.1318016,3.52879,11.2813997,11.4801998,355.2749939,2.16698,10.0461998,3.8266799,15.2095003,6.0865798,0.418795,392.4169922,0.754792,3.37871,11.5649996,7.1353798,419.493988,13.1900997,0.345125,70.6156006,1.26604,198.3350067,10.0144997,1792.859985,1.74896,30.9719009,1.00852,31.4144001,34.2104988,205.651001,-183.1230011,-94.5236969,4
492835.8479,4633498.573,11436,12145,13581,36,14,12.8400002,4.8000002,1.1,882,2.24,0.21,1.3,50,3.26,10.6000004,10.1000004,258,2,10,4.1700001,15,5.4000001,0.35,394,0.3,3.47,11,6.1100001,377,16.2999992,0.32,72.5400009,1.4,185,9.7700005,1580,1.6,26.2999992,1.1,31.3999996,32.7000008,207,-182.7640076,-90.0873032,4
493835.8479,4633498.573,11593,12623,14171,39.5629005,13.6061001,12.2297001,5.6021199,1.41989,827.5780029,2.1066,0.169318,1.73133,54.8149986,3.41802,11.842,11.2867002,272.8399963,2.13797,10.1201,3.69888,15.5627003,5.8494601,0.404974,390.2200012,0.801295,3.3441501,11.8915005,6.8591199,395.6830139,12.4521999,0.365987,72.4298019,1.30314,209.2230072,10.5289001,1718.150024,1.8991899,29.3810005,1.01063,33.6230011,34.6220016,221.147995,-183.7539978,-73.0699005,4
494835.8479,4633498.573,11542,12400,13873,32,13.5,11.9799995,5.4000001,1.1,755,2.1300001,0.15,1.66,50,3.3299999,12.3000002,12.1000004,262,2.0999999,10,3.46,15.6999998,5.5999999,0.39,308,1,3.29,12.5,6.98,385,10.5,0.32,73.25,1.3,231,11.3999996,1650,1.8,27.2999992,1,36.9000015,35,238,-183.279007,-79.6211014,4
489835.8479,4632498.573,11692,12658,13452,41.7126999,14.7391996,12.6358004,6.0177898,1.86395,796.1790161,2.14359,0.144635,2.2451899,54.2844009,4.1339698,12.6107998,12.6728001,310.5450134,2.4510901,10,3.69751,15.4034996,7.0178399,0.501785,372.9630127,1.01539,3.4332299,11.9821997,8.41117,456.9979858,12.1927004,0.348925,70.2156982,1.16783,201.6069946,10.0832996,2050.729981,1.7214299,37.1431999,0.888192,32.1072998,38.6184998,199.4640045,-181.272995,-102.6529999,4
490835.8479,4632498.573,11654,12753,13925,40.905201,13.5375996,12.6601,5.7789202,2.47487,818.302002,2.15767,0.154308,2.51002,55.8247986,3.82851,11.7115002,12.0649996,349.348999,2.34234,10.1386003,3.7829399,15.2707996,6.46245,0.461431,358.4660034,0.93923,3.41277,11.9833002,7.9933,455.9089966,12.1957998,0.337916,69.6110992,1.14483,200.5679932,10.1984997,1988.079956,1.6447999,34.5926018,0.952802,32.0167007,36.1702003,200.6750031,-182.3280029,-95.8463974,4
491835.8479,4632498.573,11651,12861,13799,40.0709,13.8393002,12.6564999,5.5678701,1.90701,840.8209839,2.16751,0.15928,2.1531701,54.6423988,3.7047,11.5965004,11.8486004,313.7739868,2.2721801,10.2856998,3.84321,15.1928997,6.2572198,0.436078,369.4559937,0.888964,3.4221499,11.8858004,7.6026502,436.8619995,12.7391005,0.351785,70.4777985,1.18212,199.6080017,10.2953997,1894.670044,1.7107,32.7649994,0.986411,32.2464981,35.5503998,202.9629974,-183.1490021,-89.7453995,4
492835.8479,4632498.573,11587,12568,13731,39.9710007,14.1803999,12.6363001,5.4318399,1.3533601,858.34198,2.1755099,0.165644,1.82634,53.2182999,3.6090701,11.6742001,11.7398996,283.0119934,2.2318599,10.3664999,3.8974199,15.3045998,6.1163001,0.420346,380.0780029,0.831367,3.4311199,11.8514996,7.2398601,425.5950012,13.3264999,0.373344,71.3006973,1.23879,199.0350037,10.3521996,1837.890015,1.7842799,31.4655991,1.02073,32.6997986,35.2667007,206.7879944,-183.6300049,-79.944603,4
493835.8479,4632498.573,11717,12913,14480,39.571701,14.0788002,12.283,5.8285098,1.49287,842.5449829,2.0993099,0.162501,1.85323,52.142601,3.65359,12.2820997,11.9347,293.855011,2.2232299,10.6429005,3.68542,15.5320997,6.1821899,0.429644,371.8599854,0.923194,3.35181,12.1177998,7.24968,411.6130066,11.9182997,0.390714,71.9329987,1.22857,203.7830048,10.7077999,1813.229981,1.87498,31.0324993,1.04536,34.2854004,36.0999985,215.9600067,-184.1820068,-68.4829025,4
488835.8479,4631498.573,11602,12459,12988,35,14,12.96,5.5999999,0.8,819,2.26,0.11,1.8,50,4.2399998,12.3000002,12.6000004,230,2.52,10,3.74,15,6.6999998,0.48,337,1.1,3.48,12.3999996,8.8299999,436,11,0.34,71.3700027,1,204,11,2110,1.8,37.7000008,0.88,33.5,37.4000015,189,-181.2899933,-90.1624985,4
489835.8479,4631498.573,11869,12988,13939,39.1417999,14.7229996,12.8216,6.05937,1.23998,812.5629883,2.1851799,0.13352,2.00811,50.8312988,4.3172898,12.9854002,12.8829002,275.9309998,2.5696101,10.1386003,3.6895399,15.6295996,7.12609,0.525591,378.9769897,1.04538,3.45666,12.4190998,8.7859201,473.4169922,11.7743998,0.363726,70.302002,1.11496,205.4259949,10.4849997,2178.929932,1.71569,39.0035019,0.90265,33.5736008,39.1383018,200.4459991,-182.6289978,-68.7074966,4
490835.8479,4631498.573,11750,12729,13627,32,12.5,13.2399998,5.6999998,0.8,808,2.3499999,0.13,1.61,50,3.71,11.6000004,11.3000002,211,2.4400001,10,3.9100001,15,6.1999998,0.44,335,1,3.5,12.6999998,8.6700001,457,12,0.32,69.9499969,1,197,10.8999996,2050,1.5,35.5999985,0.85,32.5999985,36.4000015,200,-183.3090057,-80.4502029,4
491835.8479,4631498.573,11722,12715,13780,37.9791985,14.1948004,12.8635998,5.6220899,1.31653,849.1970215,2.21474,0.144064,1.95977,51.2013016,3.9191999,12.1152,12.3297997,276.9710083,2.41119,10.4734001,3.8506999,15.3802996,6.52072,0.465185,349.3529968,1.01522,3.4653101,12.2599001,8.0980597,463.0509949,12.3526001,0.367493,70.259903,1.11976,201.7700043,10.5143003,2037.849976,1.68479,35.1999016,0.965291,33.2742996,37.2167015,201.8240051,-184.4579926,-74.5082016,4
492835.8479,4631498.573,11724,12763,13788,37,15,12.9899998,5,0.9,866,2.3299999,0.14,1.79,50,3.5,11.6000004,12.8000002,247,2.3299999,10,4.1100001,15,5.8000002,0.41,337,1.1,3.53,12.3999996,7.8600001,465,13,0.4,70.6500015,1.1,192,10.8999996,1960,1.8,33,0.94,32.4000015,36,194,-184.151001,-75.5557022,4
493835.8479,4631498.573,11702,12803,14317,39.1315994,14.5699997,12.3455,6.0285501,1.36423,864.960022,2.08954,0.155894,1.88862,50.8317986,3.8974199,12.6255999,12.3613005,311.1940002,2.31002,11.0810003,3.6890199,15.3909998,6.5058098,0.450985,343.223999,1.05013,3.3670101,12.2911997,7.57409,424.7950134,11.3329,0.416482,71.6249008,1.21207,199.5469971,10.7828999,1911.02002,1.88209,32.8554001,1.06566,34.7282982,37.1357994,210.779007,-184.5460052,-73.8488998,4
585835.8479,4631498.573,13759,16600,18656,74.2986984,14.0176001,12.4153004,5.5785799,1.37046,661.2160034,1.4739,0.123081,5.0718699,94.3386993,5.0746102,53.8605995,19.6653996,343.131012,3.33108,25.3994999,3.12673,18.2875996,16.8677998,1.35136,504.1260071,6.8284998,3.36131,7.82621,9.9447298,544.5020142,15.9372997,0.59321,63.2551994,1.06478,304.5880127,8.6272697,2190.949951,2.01842,57.9227982,0.649801,19.5855007,48.8530006,139.4759979,-204.9089966,111.4400024,4
587835.8479,4631498.573,12377,14110,16478,71.7652969,13.1646996,13.2173004,5.9752898,1.35864,714.7390137,1.6822799,0.130027,4.4025502,86.362999,6.3129401,53.1367989,23.8024998,343.4719849,3.55565,22.9111004,3.4307401,21.3390007,15.9035997,1.42946,525.3690186,5.8329802,3.37149,7.5363698,10.0937004,592.9509888,16.0851002,0.703523,63.2752991,1.1099401,285.5570068,7.5983901,2353.300049,1.2925299,66.819397,0.702263,18.7175007,49.3630981,125.6060028,-205.4850006,129.6450043,4
596835.8479,4631498.573,11999,13074,15980,60,7.00001,13.8699999,1.4,1.2,740,1.1,0.06,4.5500002,84,5.1199999,51.7000008,16.9300003,530,3.3699999,5.00001,3.1400001,10.5,8.8000097,1.24,550,6.1300001,3.6500001,8.1099997,9.1400003,561,16.6700001,0.39,63.6199989,1.8,301,10.8100004,2071,1.28,52.2299995,1.51,18.8199997,35.2999992,109,-208.8569946,59.4782982,4
615835.8479,4631498.573,11668,11657,14295,53.2900009,9.8909702,14.2122002,3.8175399,0.48126,628.2449951,1.86976,0.135289,5.1599202,79.2136993,6.8098102,48.4672012,16.1455994,319.3819885,3.07094,4.4583101,3.07812,13.3612003,12.8720999,1.55053,482.4089966,5.6839399,3.6937599,7.15661,10.5892,514.9470215,13.1082001,0.336373,62.4033012,1.4815201,321.4330139,6.9802599,2033.089966,1.06371,50.1375008,0.888602,17.1082993,35.6548996,111.4560013,-213.4120026,-15.1360998,4
618835.8479,4631498.573,11992,13917,16436,50,15,14.0900002,6.3000002,0.5,532,2.3,0.29,4.29,83,8.7399998,52.6100006,15.8900003,426,2.75,2,3.1900001,11.6000004,11,1.36,427,5.4400001,3.7,6.5999999,12.9499998,436,14.1700001,0.4,64.5400009,1.4,311,4.9699998,1773,0.96,46.5800018,0.79,14.9899998,34.2999992,104,-214.6260071,-24.9200993,4
587835.8479,4630498.573,12119,13585,15569,64.2857971,12.9990997,13.0417004,4.5141001,1.07862,701.9899902,1.82855,0.120713,3.86678,73.2477036,5.0733199,48.0626984,18.8554993,308.8540039,2.98314,18.6432991,3.3803301,20.4106007,14.1035995,1.15283,470.9570007,5.7073302,3.47929,7.6303401,9.4655895,508.6270142,15.4629002,0.49817,65.5141983,1.17497,283.4979858,7.8060699,1919.25,1.33863,53.1944008,0.722845,17.0730991,38.8669014,118.0360031,-207.0370026,132.2799988,4
588835.8479,4630498.573,12415,14041,16494,62.8572998,15.0396996,13.3816996,4.6655698,0.846163,718.776001,1.89117,0.12415,3.7537,77.0362015,5.76753,45.0140991,20.5522995,312.5190125,3.1722701,15.7205,3.42361,20.6410007,13.7739,1.2168601,495.2860107,5.0957799,3.5150001,7.5817599,9.6484098,543.2940063,15.9766998,0.568632,65.1164017,1.26341,283.5140076,6.7540398,2069.800049,1.20198,57.5955009,0.762148,17.1802998,40.0452995,116.3529968,-207.3009949,143.7100067,4
589835.8479,4630498.573,12494,14515,17177,63.9272003,12.8771,13.5071001,4.4473801,0.674913,713.1790161,1.79651,0.147491,3.80424,72.6443024,5.99264,45.8866997,19.8936996,316.8120117,3.29808,13.8577995,3.2907701,20.7670002,14.5242004,1.25781,537.039978,5.2765498,3.6031699,7.2467299,9.40413,562.2630005,15.6127996,0.495374,64.7536011,1.18581,292.855011,7.0637798,2094.02002,1.20785,60.1954002,0.713615,17.1704998,43.2812004,115.7850037,-207.9360046,116.9039993,4
591835.8479,4630498.573,12024,14089,16668,69.9964981,9.7499599,13.7725,3.67239,0.732133,678.4349976,1.6250401,0.218187,4.1216698,69.177597,6.8537798,44.8051987,18.9101009,359.0299988,3.6249199,12.3922005,2.95508,20.1074009,14.1037998,1.37998,628.6240234,5.4468999,3.7464099,6.8243098,9.3171301,594.9310303,14.6889,0.339295,63.8805008,1.28566,311.0650024,7.7544098,2224.330078,1.21501,64.7914963,0.666426,17.2982006,48.141201,112.8929977,-208.5279999,81.0152969,4
582835.8479,4629498.573,11915,12218,13423,70,6.5,11.1899996,3.7,0.5,631,1.5,0.06,5.4200001,100,3.9200001,41.2299995,13.6999998,258,2.3099999,11,2.9400001,11,11.1999998,0.75,399,7.4099998,3.1600001,5.7399998,7.54,378,15.8500004,0.31,66.3000031,1.8,292,6.1199999,1398,1.12,37.8300018,0.7,16.5400009,26.7000008,109,-207.2380066,96.3906021,4
583835.8479,4629498.573,12113,13303,14546,64.8984985,8.0970402,11.7441998,3.2580199,0.63191,655.5770264,1.53953,0.0928456,4.3846698,82.0045013,4.82341,43.338501,13.6555996,287.9119873,2.3340099,17.9785995,3.07197,14.6282997,11.6654997,0.868549,416.5629883,6.4819298,3.38831,6.5567198,7.32342,389.8540039,14.5585003,0.28812,67.0727997,1.33113,306.5750122,7.1083899,1543.709961,1.57121,36.8582001,0.696202,16.2192993,26.8521996,119.822998,-207.8220062,88.5243988,4
584835.8479,4629498.573,12319,14091,16287,60,5,11.9300003,1.64,0.6,690,1.5,0.08,3.46,30,6.1700001,47.8699989,12.1499996,190,1.9299999,26,3.27,13,9.5,1.02,359,6.04,3.5899999,5.6500001,7.02,364,14.1400003,0.12,67.1800003,1,305,6.0700002,1166,1.28,26.25,0.54,10.8800001,18.2999992,82,-208.1190033,89.1381989,4
585835.8479,4629498.573,12673,15238,17962,60.8314018,8.1265402,12.3151999,2.85095,0.78335,660.2880249,1.73631,0.0996434,3.52543,56.6968994,4.3145399,46.5648003,13.2377996,282.2950134,2.27017,19.5445004,3.28338,18.0883007,11.7216997,0.897677,397.9349976,6.3066401,3.53771,6.9965701,7.8049002,398.8110046,14.1380997,0.256481,67.7530975,1.0893199,283.4920044,7.8805399,1387.689941,1.47112,34.888401,0.649646,14.6891003,25.3871994,105.1419983,-208.2550049,95.6652985,4
586835.8479,4629498.573,12552,15177,17736,60,8,12.6800003,3,1.1,630,2.0999999,0.1,2.95,44,2.8599999,48.3899994,12.0900002,256,2.29,15,3.45,26,11.8000002,0.79,402,6.1399999,3.5799999,7.6799998,8.7200003,391,13.8999996,0.21,69.0999985,1,246,10.2200003,1348,1.28,36.7799988,0.74,16.0200005,27.7000008,111,-208.7299957,100.012001,4
587835.8479,4629498.573,12621,15428,18313,57.1274986,12.7428999,12.9566002,2.99787,0.681128,681.5280151,1.95869,0.11232,3.3336401,61.8296013,4.0560298,42.6203995,13.9111996,285.6809998,2.5039401,14.1830997,3.319,19.4253998,12.3291998,0.91393,425.2929993,5.4755998,3.6012001,7.6777101,8.8375502,436.125,14.9510002,0.295503,67.5698013,1.2401,279.1749878,7.8850899,1554.810059,1.35943,41.1711998,0.747299,15.6407003,28.4855995,110.0999985,-208.8200073,108.2509995,4
588835.8479,4629498.573,12353,14467,17490,50,23,13.3800001,2.0999999,0.2,740,2.2,0.11,3.24,75,3.5799999,32.3100014,12.2700005,270,2.4100001,8,3.27,15,11.1999998,0.82,420,4.0700002,3.71,8.2399998,9.8000002,423,16.8299999,0.22,67.6200027,1.7,302,7.04,1518,1.28,38.6199989,0.9,15.1700001,24.3999996,111,-208.8809967,110.5500031,4
581835.8479,4628498.573,12287,13588,15728,60.7117996,10.2859001,12.1084003,4.0079598,0.589276,649.5750122,1.51784,0.13001,4.3295202,121.8280029,5.9500499,28.8271999,13.2208004,313.928009,2.7072501,10.2847996,2.9642799,19.4946003,11.3141003,0.791428,520.5189819,3.77281,3.3975301,7.4012198,6.7684002,402.8269958,13.6168003,0.335363,68.0995026,1.3928,314.2550049,7.9720001,2246.73999,1.8694,50.6711998,0.997571,19.4269009,35.6805,182.8370056,-208.2920074,80.0951004,4
582835.8479,4628498.573,12575,14976,18091,63.8440018,7.7866101,12.0951004,3.07271,0.60973,662.3649902,1.56636,0.0987906,4.03127,93.1931,4.3392901,36.1207008,13.3157997,319.0960083,2.36675,11.1127996,3.0975001,14.2266998,10.7058001,0.739925,444.9330139,5.4802299,3.4590499,6.62989,6.5285101,402.9570007,13.8638,0.271596,67.9832001,1.44392,298.2799988,7.1956801,1662.719971,1.4229701,40.0780983,0.769381,16.4050999,28.2744007,129.5469971,-208.496994,81.5662994,4
583835.8479,4628498.573,12713,15312,18494,60.3581009,6.6037002,12.1927996,2.5665801,0.628572,663.4639893,1.55001,0.0996403,3.59974,82.7869034,4.28161,39.7286987,12.6581001,365.8670044,2.20754,14.9265003,3.19855,14.1750002,10.3001003,0.753195,415.8980103,5.94524,3.54319,6.53754,6.4438701,392.1820068,13.7713003,0.230726,68.3781967,1.26078,292.2149963,6.80127,1445.839966,1.40784,34.4855003,0.662529,14.5544004,24.4188004,111.3259964,-209.0610046,74.9459991,4
580835.8479,4627498.573,12499,14486,16131,40,10.6999998,13,3.0999999,0.3,620,1,0.15,3.6600001,210,7.5999999,16,11,266,3.1600001,10,3.01,19.3999996,9,0.74,497,1,3.7,6,6,481,12.8000002,0.36,69.0400009,1.2,255,7.5999999,2100,2.0999999,55,1,10.5,40,230,-209.8370056,37.9427986,4
334835.8479,4626498.573,13188,14834,17556,67.1414032,9.4241104,62.1590004,0.904599,0.334305,101.3209991,2.3280699,10.6901999,2.45397,44.9247017,5.57798,15.8838997,11.9470997,263.0360107,2.6661999,2.7304101,1.72329,15.8624001,7.0858402,1.23405,379.2720032,0.579835,4.4015999,5.4924798,7.51472,403.2330017,8.0941401,0.25716,22.5674,0.906261,224.3760071,6.3443398,2031.01001,1.22279,57.8316002,0.622898,20.7887993,19.3992996,117.2369995,-146.0899963,50.4313011,4
335835.8479,4626498.573,13182,14880,17630,69.0358963,5.3074999,67.2832031,0.610349,0.344987,50.0357018,2.5310099,11.7799997,2.4342799,45.4650002,5.7569599,16.2889004,12.3282003,264.2820129,2.6731501,2.74998,1.6492701,16.0214005,7.32126,1.24283,392.4190063,0.615322,4.4199901,5.3000002,7.5248699,410.493988,8.3715601,0.258572,16.9067001,0.891494,219.4640045,6.3464699,2025.310059,1.21071,57.7663002,0.636412,21.3533001,18.0461998,117.4639969,-146.2839966,56.1464005,4
619835.8479,4626498.573,11089,11540,14413,56.4261017,15.1899996,13.0504999,4.2209702,0.385661,610.1920166,2.2284901,0.180698,5.0483699,78.4271011,4.22048,56.4903984,12.0001001,446.1740112,2.64697,8.4288702,4.1251898,14.4201002,13.4777002,1.53949,423.8500061,5.6405802,3.09548,9.6855602,10.3029003,401.8829956,18.9090996,0.24962,63.2575989,1.66426,234.9589996,7.6620498,1860.130005,1.22349,36.7172012,0.598521,15.1146002,28.8906994,108.4240036,-218.3059998,-15.2080002,4
620835.8479,4626498.573,12213,14400,17190,59.5690994,18.1082993,12.7290001,4.5680599,0.434398,593.6950073,2.1742301,0.142291,5.2301102,79.4005966,4.6343198,61.3819008,12.9701004,476.1809998,2.79091,8.3787899,3.8025899,15.7979002,14.1660995,1.7374901,430.4129944,5.36551,2.93922,10.3948002,11.7336998,419.3680115,17.8514996,0.274182,63.3694992,1.751,250.6430054,6.76826,2013.300049,1.1267999,41.7717018,0.644608,15.5108995,31.0862999,113.1240005,-218.3529968,-46.8499985,4
335835.8479,4625498.573,13047,14122,16365,69.2839966,4.7595801,67.5537033,0.609547,0.346331,55.162899,2.33283,11.3466997,2.3921399,48.2765007,5.2941198,16.4545002,10.5410004,248.0879974,2.4728301,3.1290901,1.52786,16.9095001,6.97964,1.1654299,354.678009,0.513368,4.3810301,5.4763699,7.4755998,388.4500122,9.1136103,0.263026,17.0172005,0.932195,220.5850067,6.5752802,1696.040039,1.23612,50.1194,0.600969,20.5664005,16.5895996,119.75,-146.470993,39.5626984,4
333835.8479,4624498.573,12627,13447,15223,54.6040001,13.7268,41.297699,1.93531,0.470393,318.3859863,2.1466701,6.5644398,3.0461099,47.7863007,6.0250101,21.1679001,11.8144999,300.5069885,2.93467,4.28578,2.1779699,18.4929008,8.6752996,1.3674901,407.3280029,0.616459,4.10427,7.2930198,9.2572803,440.2860107,7.3822198,0.308571,42.1515999,1.2540801,270.7539978,7.0499601,1820.069946,1.56792,58.6253014,0.619642,20.1891003,28.0627995,128.7149963,-145.6959991,9.3562803,4
337835.8479,4624498.573,13234,14912,17385,68.4992981,3.2666099,69.1993027,0.511452,0.511452,14.5717001,3.06339,12.5002003,3.2666099,72.207901,7.2613902,22.9500999,14.8859997,288.0130005,3.06339,5.1431499,1.7278399,17.6863995,9.3786697,1.50374,517.1259766,0.752113,4.19173,6.3611498,11.0016003,471.1270142,10.4990997,0.322142,12.5002003,1.01054,248.5559998,7.4108901,1389.089966,1.36788,61.7972984,0.661073,22.0429001,29.5498009,117.612999,-147.2910004,30.6744003,4
338835.8479,4624498.573,13019,14228,16424,68.1326981,3.3245001,68.8667984,0.573781,0.573781,16.5112,3.1289999,12.5183001,3.3245001,89.9600983,7.23805,21.3304005,16.8379002,286.5,3.1289999,5.2691698,1.94134,16.7835999,10.3058004,1.41264,606.4320068,0.911692,4.1680899,6.0831499,10.4097996,475.9230042,12.9525995,0.356598,12.5183001,0.907876,237.9309998,7.55863,1491.26001,1.39016,61.8867989,0.6906,22.3995991,37.3263016,108.2699966,-147.9400024,42.5211983,4
339835.8479,4624498.573,12970,13949,15967,67.7856979,3.4656701,68.3664017,0.626459,0.626459,18.9281998,3.27753,12.5922003,3.4656701,101.3509979,7.6037302,21.948,19.3211002,309.993988,3.27753,4.89292,2.05002,16.875,11.1676998,1.4454,615.2379761,1.01354,4.0724902,6.0679498,10.5078001,487.5,11.8611002,0.376429,12.5922003,0.91069,241.4720001,7.5501099,1582.680054,1.4,66.2536011,0.755701,22.6604996,40.1433983,107.572998,-148.2779999,61.4343987,4
340835.8479,4624498.573,13000,14076,16330,67.4679031,3.6584201,67.8860016,0.768702,0.768702,21.0042992,3.3794999,12.6513996,3.6584201,111.6869965,7.88557,23.2766991,21.4564991,329.9230042,3.3794999,4.5202899,2.1693599,16.7852001,11.7973003,1.4688801,618.3220215,1.11821,3.9586301,5.9919,10.7692003,491.5669861,10.7021999,0.398488,12.6513996,0.909275,245.6230011,7.4734802,1674.689941,1.40025,69.2511978,0.808587,22.6751995,42.3325996,106.012001,-148.927002,74.2667999,4
340835.8479,4623498.573,12299,13101,15014,70,2.72,70.1200027,0.47,0.47,20,3.1800001,12.6899996,2.72,100,6.1999998,14.8999996,20.6000004,350,3.1800001,6,2.54,15.6999998,10.6000004,1.14,570,1.1,4.1700001,5.0999999,7.4000001,485,7.3000002,0.4,12.6899996,1.034,230,7.1999998,370,1.4,59.7000008,0.86,22.7999992,46.0999985,106,-148.8869934,47.5023003,4
342835.8479,4623498.573,12450,13561,15251,68,2.8,68.6800003,0.55,0.55,24,3.3299999,12.5100002,2.8,90,6.9000001,21.1000004,24.7000008,284,3.3299999,5,2.45,16.2000008,11.1999998,1.25,548,1.1,4.1300001,5.6999998,9.3999996,462,7.5,0.35,12.5100002,1.137,265,7.5999999,320.0010071,1.6,61.5,0.86,22,40.7999992,103,-149.8820038,69.5578995,4
474835.8479,4623498.573,12788,13880,15972,54,17.2000008,13.0500002,2.5999999,0.9,957,1.89,0.17,5.5599999,50,6.6900001,33.7999992,19.7999992,215,3.8699999,10,2.8399999,21.7999992,9.3999996,1.72,703,1.1,3.4000001,11.8999996,13.1999998,701,13.6000004,0.37,63.7099991,1.8,232,9.0699997,3380,2,56.2000008,0.79,29.6000004,52,209,-169.9290009,-91.0541,4
476835.8479,4623498.573,12405,13720,14649,51,22,12.2700005,2.9000001,1.1,509,2.3399999,0.14,7.1300001,80,6.6300001,30.8999996,19.1000004,264,3.1600001,10,2.1900001,24.7000008,10.3000002,1.64,426,1.1,3.22,15.3999996,12.3999996,626,11.5,0.38,64.0400009,2.4000001,252,11.5,2960,2.5,54,0.79,43.7999992,39.5,288,-169.451004,-147.8930054,4
484835.8479,4622498.573,14096,17143,20751,36.0852013,14.1957998,15.1295996,5.7466402,0.739766,799.776001,1.90084,0.199403,4.3526402,56.4728012,7.5217199,28.5352993,17.6933994,319.8770142,4.0223398,11.4476995,3.72019,24.6707001,13.8972998,1.3835599,626.2290039,0.87701,3.53142,14.1950998,14.6816998,778.9920044,10.6000996,0.391396,63.7947006,1.1849999,305.3340149,8.3632803,3497.209961,2.1066401,61.8278999,0.63052,37.9124985,56.1281013,219.2510071,-170.128006,-112.9729996,4
552835.8479,4619498.573,13093,15042,18020,70,10.8000002,13.79,3,5.4000001,785,1.7,0.22,3.9200001,80,11.1000004,12.5,16,316,2.9000001,2,2.8599999,21,14.3000002,0.86,539,3.4000001,3.95,8.1999998,9.1000004,378,15,0.3,69.7900009,1.3,341,10.5,2500,2.5,64,0.76,15,49,250,-206.904007,137.7960052,4
553835.8479,4619498.573,14696,17308,20211,58.3298988,11.9055004,13.5642004,3.1660099,3.9151199,777.2990112,1.6511101,0.346147,4.2223802,116.2330017,10.1487999,13.3469,17.1450996,317.1560059,3.1698999,4.4179101,2.85567,20.6422005,14.2072001,1.02312,508.8619995,1.7282799,3.5167999,8.8338499,10.2454004,417.8349915,14.2523003,0.316173,69.1207962,1.26807,317.3460083,8.9226398,2762.610107,2.1198399,60.9718018,0.807284,16.4251995,50.8610992,257.2279968,-208.1699982,133.1950073,4
550835.8479,4617498.573,13042,15915,18727,100,26,12.5,3.8,0.4,791,1.7,0.15,4.98,130,7.4000001,10,12,330,3.1199999,6,2.8499999,25,14,1.1900001,548,0.92,3.5,11,9.8999996,434,21,0.32,67.9300003,3.0999999,273,10.5,3000,2.0999999,70.9000015,0.66,19,47,270,-207.5910034,110.7770004,4
307835.8479,4616498.573,13438,14218,17110,41.1427994,7.2464099,13.9101,1.08533,0.34463,769.3070068,3.4107399,0.445353,4.8394599,38.3923988,3.80018,11.9321003,12.0024996,289.57901,1.6933399,3.7140601,3.9817801,15.6037998,22.6501999,1.24104,243.1820068,0.194711,3.4650099,8.0394201,7.06074,362.4440002,20.3964996,0.477913,67.8218002,2.01263,271.605011,6.28234,1372.170044,1.98218,23.3789997,0.341787,11.9287996,47.9090996,81.7530975,-153.9459991,-113.4489975,4
308835.8479,4616498.573,13592,14203,17298,43.3690987,8.1158199,13.7694998,1.39326,0.414384,805.1989746,3.2943799,0.417784,5.27669,45.8847008,3.63429,13.1043997,8.7890196,276.0480042,1.56714,4.22787,3.9818101,15.2495003,21.7712994,1.30811,249.0399933,0.249609,3.4384799,7.7245102,7.4700298,337.9339905,20.1991997,0.751175,66.7839966,1.89703,282.9559937,6.1438098,1335.319946,1.95465,23.9370995,0.35837,11.9509001,35.5909996,76.0734024,-153.576004,-117.8010025,4
309835.8479,4616498.573,13699,14526,17339,48.2854996,10.7714996,12.7130003,2.5502901,0.552498,764.7860107,3.0357201,0.592471,7.67521,68.9988022,3.9107699,14.7572002,8.9930496,290.4970093,1.55252,4.9999099,3.53789,15.7037001,19.7465,1.70245,266.5010071,0.404989,3.19788,7.5893002,8.2250299,349.7149963,18.3111,0.570072,63.0583992,1.85437,302.5379944,6.52141,1335.719971,1.9,26.9678001,0.448214,13.2178001,34.9261017,84.1043015,-152.8809967,-125.6880035,4
551835.8479,4616498.573,13339,16341,18607,51.4634018,14.4773998,13.0834999,3.41416,1.19856,628.8179932,1.74571,0.164334,4.7025299,125.8899994,7.34203,14.6079998,13.2874002,315.8429871,3.0490799,5.21696,2.9222701,24.1646996,13.6447001,1.25946,523.3359985,1.06565,3.5845399,9.33675,10.5642004,411.7160034,13.9776001,0.272833,67.6175995,1.5694,356.4110107,8.8270998,3075.879883,2.0018899,72.3830032,0.76923,18.0421009,48.3535004,253.8609924,-211.4579926,88.064003,4
307835.8479,4615498.573,13143,14176,17233,42.6174011,7.29913,13.8901997,1.34207,0.37419,746.7529907,3.34322,0.381857,5.1478801,44.9080009,4.6171498,13.9928999,16.2924995,301.5780029,1.9993,3.5035,3.8539901,16.5035,21.8409004,1.34688,270.7810059,0.262376,3.45502,8.2461996,7.9958501,401.9670105,20.4248009,0.751454,66.8337021,2.0409701,287.9150085,6.4633398,1512.430054,1.99266,27.2821007,0.397216,12.7460003,63.3779984,80.9128036,-155.0140076,-112.6760025,4
308835.8479,4615498.573,13710,14935,18370,44,7.586,13.7200003,1.7,0.54,843,3.0999999,0.26,6.5300002,50,4.4000001,17.1000004,7.3000002,256,1.59,5,3.8499999,15.1999998,19.2999992,1.59,271,0.25,3.3599999,7.3000002,9.1999998,355,20.2999992,2.2,63,1.4960001,331,5,1430,1.7,28.8999996,0.4,10.8999996,30.2000008,54,-154.4400024,-111.1750031,4
374835.8479,4615498.573,13095,13668,14640,70,2.99,70.2200012,0.32,0.32,9,1.9400001,14.75,2.99,32,4.0999999,12.1000004,9,196,1.9400001,4,2.6099999,18.8999996,8.6999998,0.79,357,0.64,4.25,6.5,7.0999999,330,14.8999996,0.26,14.75,0.84,375,6.4000001,440,1.4,23.8999996,0.41,14.6999998,33.5999985,76,-158.9100037,206.1000061,4
375835.8479,4615498.573,13184,13889,16520,70.2137985,2.9568701,70.5635986,0.479545,0.479545,9.0679502,2.15747,14.4232998,2.9568701,47.5938988,4.8270302,15.5622997,9.2850504,236.5870056,2.15747,5.77705,2.4999399,19.2642994,10.1134996,0.876072,389.151001,0.657163,4.0739598,6.5297098,7.75559,362.6929932,14.8407001,0.232872,14.4232998,0.996705,340.368988,7.3154402,949.5130005,1.34173,29.1615009,0.429397,14.9195004,34.3498001,83.6514969,-159.2610016,214.7200012,4
550835.8479,4615498.573,16017,21033,24084,47.4984016,13.8746004,13.5383997,3.27139,0.842784,612.6610107,1.5607001,0.158574,5.0704298,107.1409988,8.1895704,23.5669003,12.1070004,314,3.26969,5.4286399,2.66993,23.2499008,12.9998999,1.13106,545.0770264,1.0461,3.62572,9.39291,11.8933001,453.1560059,13.5068998,0.268572,66.5186996,1.45101,408.1560059,7.8712201,2882.120117,1.92855,74.8648987,0.742859,17.8216,48.321701,227.8529968,-210.7160034,74.665802,4
551835.8479,4615498.573,13733,18882,21656,39.5279999,13.0368996,12.9582005,3.31616,1.10445,461.375,1.5651799,0.145081,4.7686,101.1029968,7.2213001,17.1264,11.9699001,299.7550049,2.83109,5.0822601,2.9586501,22.6387005,13.6966,0.99842,482.4460144,0.987247,3.60478,8.29035,10.7150002,389.4400024,13.2362003,0.243005,67.6042023,1.33392,379.0169983,7.4801002,2726.600098,2.0173399,67.5616989,0.722349,16.2371998,45.9217987,222.5130005,-212.6990051,74.0450974,4
552835.8479,4615498.573,13407,16499,19063,30,11.6000004,12.6000004,3.5999999,2,116,1.4,0.12,4.7199998,70,5.5999999,9,12,291,2.6400001,4,3.1500001,22,14,0.82,455,0.85,3.6700001,6,9.8999996,321,11.8000002,0.22,68.2799988,1.2,382,5.8000002,2700,2.0999999,67,0.63,12,47,210,-213.9779968,75.9720993,4
553835.8479,4615498.573,13181,15782,18560,36.2794991,13.3674002,12.7386999,3.34234,0.997797,366.3139954,1.44511,0.152776,4.5794902,110.3040009,7.0290198,12.5516996,11.6343002,297.9349976,2.64416,4.7926898,3.04863,22.0974998,14.3760004,0.932477,457.2160034,0.972814,3.7432101,8.2810001,11.4145002,374.3039856,13.6362,0.234794,67.774498,1.32212,358.6329956,8.3343,2434.320068,2.07215,62.0105019,0.777863,15.5228004,43.8017998,221.9869995,-215.2929993,71.5094986,4
306835.8479,4614498.573,13159,14036,16031,40.9986992,7.5306501,14.4497004,1.26048,0.26473,680.7299805,3.5227001,0.482467,4.35497,43.8130989,5.6538901,15.3985996,17.1833,333.7019958,2.2674799,2.7367101,3.68029,18.1653996,22.7859993,1.4264801,305.8179932,0.36375,3.60357,9.77983,8.3903303,443.6539917,21.0223999,0.273325,68.1212006,2.59008,285.9490051,7.2776899,1916.300049,2.3092899,32.4205017,0.463282,14.1900997,65.3035965,90.9978027,-154.5740051,-100.5449982,4
307835.8479,4614498.573,14038,15265,18405,42.5709991,8.22258,14.1239996,1.61382,0.339264,731.7990112,3.3250599,0.463938,5.0794802,52.7126999,5.0430799,15.2573004,13.6514997,312.6520081,2.0376,3.1070099,3.7028301,18.1965008,21.2434006,1.43073,299.7900085,0.422914,3.5675001,9.0609903,8.4071903,404.2250061,20.9678001,0.540709,66.7753983,2.23121,296.2109985,7.1251202,1732.560059,2.12866,30.5506992,0.519274,14.0787001,52.6232986,86.0378036,-155.0130005,-102.564003,4
308835.8479,4614498.573,13791,15120,18485,44.2697983,8.8127298,13.8650999,1.98232,0.40758,789.927002,3.1214299,0.440596,5.70082,60.1957016,4.4449301,15.0893002,10.1401997,293.0539856,1.8421,3.4432499,3.7219999,18.2775002,19.4955997,1.43713,291.3729858,0.471026,3.5555799,8.3207197,8.4293098,370.2000122,20.7098007,0.812503,65.5289993,1.8612601,305.9169922,6.8376799,1552.170044,1.89125,28.6310005,0.563228,13.9960003,40.3727989,83.3868027,-155.0019989,-102.3069992,4
374835.8479,4614498.573,16658,16577,17379,69.8475037,3.2420199,70.1938019,0.521174,0.521174,8.7478704,2.1164401,14.5894003,3.2420199,48.4761009,4.9734802,15.1904001,9.0626602,227.8439941,2.1164401,6.26263,2.2446599,19.1595993,8.9081297,0.881162,374.1910095,0.62386,4.20789,6.559,7.7942901,355.1000061,15.4709997,0.250835,14.5894003,0.832271,368.5679932,6.5585499,1160.939941,1.2041301,29.3507004,0.349994,14.6438999,32.0508995,90.2518997,-158.4730072,113.4000015,4
550835.8479,4614498.573,13583,18949,22038,43.4096985,13.1218996,13.1987,3.0918901,0.600917,647.0300293,1.39983,0.169631,5.1532302,99.1402969,8.5846004,29.2931995,11.1907997,298.5159912,2.9360499,6.2023301,2.70173,22.1812,13.8837004,0.947575,489.3590088,1.18908,3.4901199,9.3381395,12.4232998,454.67099,13.9715004,0.239365,66.6766968,1.21716,405.223999,7.6209302,2574.570068,1.97225,66.6207962,0.763706,18.9384003,47.9964981,205.9100037,-212.1829987,57.2047005,4
551835.8479,4614498.573,14154,19212,22093,40.0009995,12.9524002,13.0362997,3.0537,0.786164,590.0349731,1.54243,0.146187,4.80828,95.7096024,8.1560097,23.9417992,10.9432001,287.3819885,2.7196801,5.9059701,2.9007499,21.5328007,13.7930002,0.864607,457.6749878,1.11449,3.52355,8.97579,10.7938004,411.0220032,14.1129999,0.231886,67.4172974,1.24526,387.2260132,7.5341201,2421.189941,2.01367,62.6517982,0.770055,17.5433006,43.4438019,201.2230072,-214.6779938,58.4522018,4
552835.8479,4614498.573,13272,16663,19599,35.593399,12.6844997,12.8814001,2.9869699,0.945768,542.0640259,1.6248,0.128954,4.5644798,92.802597,8.0530701,20.1340008,10.6869001,278.1919861,2.5362699,5.88801,3.0433099,21.0909996,13.7616997,0.797023,430.6990051,1.06485,3.5334799,8.74858,9.7460699,377.4320068,14.0903997,0.22347,67.9898987,1.21648,371.3370056,7.4237299,2265.850098,2.03651,58.5145988,0.777078,16.4659996,39.4500008,198.4629974,-215.6829987,56.9743004,4
306835.8479,4613498.573,13761,15065,18257,39,8.4329996,14.8699999,1.4,0.17,627,3.5,0.33,5.21,55,6.5,19.2999992,8.1000004,328,2.22,3,3.26,19,20.7999992,1.87,325,0.41,3.73,10.8999996,9.1000004,382,21.6000004,0.16,66.4499969,2.8169999,310,7,2280,2.4000001,37.7000008,0.43,14.6000004,31.5,87,-154.8950043,-93.4433975,4
307835.8479,4613498.573,13733,14890,17838,42.4860001,9.0381203,14.4337997,1.8839,0.295442,725.0900269,3.30826,0.549021,4.8575001,58.6896019,5.4527502,16.4384003,11.0459995,325.4309998,2.11202,2.6654999,3.5564201,19.9085999,20.5198002,1.51209,326.0750122,0.57038,3.70662,9.8624001,8.80861,410.3299866,21.3174992,0.333558,66.9030991,2.41839,303.2030029,7.6456199,1948.640015,2.2128699,33.587101,0.630988,15.4183998,42.2727013,93.501503,-155.522995,-91.2244034,4
308835.8479,4613498.573,13809,15196,18142,42,8.0039997,14.71,2.4000001,0.23,847,3.0999999,0.55,3.74,60,3.9000001,11.6999998,8.8000002,270,1.8200001,2,3.9300001,19.8999996,17.8999996,1,277,0.61,3.8900001,8.3999996,7.0999999,351,22.5,0.22,69.1200027,1.653,289,7.5,1550,1.6,25.7000008,0.64,15.3999996,34.7000008,92,-155.7279968,-89.5828018,4
458835.8479,4613498.573,12675,12760,15238,74,11,15.75,1.2,1.1,417,2.1199999,0.15,3.8299999,50,4.6199999,14.6999998,6.52,215,2.05,10,1.72,19.7000008,10.6999998,0.88,315,0.3,3.49,5.5500002,7.3600001,371,12,0.13,66.7900009,1.1,346,5.0300002,1390,1.6,29.7999992,0.43,17.2000008,33.5,94,-170.1940002,-31.6529999,4
549835.8479,4613498.573,13986,17190,20040,43.1246986,12.7655001,13.3980999,3.1067801,0.573346,702.7030029,1.58994,0.183205,5.07973,93.5602036,10.0317001,35.0060997,10.5663996,297.2229919,2.90113,6.83499,2.55913,22.8511009,13.6779003,0.918558,473.019989,1.24157,3.4886501,9.0324898,14.4517002,487.4750061,13.7475996,0.256849,66.7378998,1.18837,424.7820129,6.9229298,2393.169922,1.9538,62.9109001,0.807463,19.5429001,44.5602989,200.727005,-211.8939972,46.0970001,4
552835.8479,4613498.573,13266,16388,19080,30,12,13.04,2.3,0.4,852,1.9,0.1,4.23,90,9.8999996,29,9,245,2.4100001,8,3.01,18,13,0.59,385,1.3,3.47,11,7.1999998,371,14.3999996,0.2,67.9000015,1.1,397,7.5,1600,2,50,0.9,18,29,170,-215.9459991,51.2509003,4
553835.8479,4613498.573,13330,16226,18827,34.8874016,13.1029997,13.1451998,2.6498401,0.584921,695.3300171,1.7503999,0.115893,4.4864802,90.9005966,9.4728804,26.9538994,9.4611902,269.6839905,2.3781099,6.5945501,3.08513,21.0041008,13.7926998,0.746681,412.7990112,1.08999,3.41483,9.1989498,9.5088501,407.1180115,16.1681004,0.221863,68.2806015,1.1811399,353.1860046,7.7698798,1990.910034,2.0249901,52.4911003,0.844594,17.6091003,33.9504013,180.2940063,-216.9909973,50.2764015,4
306835.8479,4612498.573,13576,14569,18076,41.5228004,11.1761999,14.0313997,1.96495,0.345245,659.3599854,3.5537801,0.994092,5.4079199,64.1639023,6.4523902,19.2973003,12.1522999,371.2890015,2.3166299,2.7248199,3.2967701,20.6772995,22.6662998,2.0118799,392.743988,0.775431,3.53932,11.9104004,10.0465002,461.4700012,21.7838993,0.306398,65.6312027,3.33884,307.3410034,8.77386,2234.879883,2.8165801,38.5475998,0.80428,16.3603001,42.6515007,94.6439972,-154.8840027,-84.7287979,4
307835.8479,4612498.573,13412,14290,17581,42.5354996,11.3413,14.1327,2.0246301,0.333253,714.2589722,3.3536799,0.790917,4.8288202,61.6096992,5.7467899,18.1117992,12.1115999,372.5910034,2.25438,2.46433,3.4384799,21.3430996,21.8866997,1.72911,370.6000061,0.772576,3.6556399,10.7865,9.8076801,435.0230103,21.1643009,0.342595,66.4809036,2.7864299,304.0379944,8.7611704,2027.23999,2.61098,35.9733009,0.880791,16.5111008,43.2448997,101.7860031,-155.6580048,-81.8179016,4
458835.8479,4612498.573,13518,14337,17222,45.7046013,10.9806995,15.5524998,1.85358,0.736023,479.8469849,2.2485499,0.163791,3.7785201,51.4319992,5.0486698,15.6035995,7.2588,225.2859955,2.2246699,11.4808998,1.93566,20.0217991,10.4575996,0.88118,354.92099,0.460791,3.53615,7.2564301,8.2919598,415.5620117,11.0474005,0.217929,66.7608032,1.11532,373.5849915,5.5945902,1638.880005,1.7368799,33.3758011,0.543139,18.8778,40.1785011,108.2959976,-170.1519928,-22.5550995,4
553835.8479,4612498.573,13460,17203,19566,41.4314003,14.6146002,13.0857,2.8357601,0.560699,728.5579834,1.82143,0.116426,4.5750299,85.713501,9.7321596,26.1781998,9.4285297,275.4289856,2.37462,6.4641299,3.0871401,21.9643993,13.6177998,0.760349,408.7109985,1.0296299,3.2685399,10.1716003,9.35709,417.1820068,18.0254002,0.266792,68.3331985,1.23217,325.6019897,7.8319998,2114.310059,2.0464201,50.6425018,0.919306,18.8574009,32.9640999,177.3209991,-217.2079926,40.5617981,4
306835.8479,4611498.573,13290,14568,18090,39,12.3140001,13.6599998,1.9,0.52,646,4.0999999,2.3,5.2399998,85,6.3000002,19.7000008,13.8999996,396,2.48,2,3.3499999,22.2000008,25.6000004,2.1800001,498,1.1,3.47,14.6000004,10.8999996,459,23.1000004,0.34,65.75,4.9770002,306,10.6000004,2280,3.7,39.5,1.2,18.2000008,45.2999992,91,-155.3999939,-72.4565964,4
307835.8479,4611498.573,13567,14609,17665,42.7422981,14.1190996,13.6553001,2.2249999,0.382815,691.065979,3.4098499,1.02833,5.0651102,66.0962982,5.9065199,19.4895,12.6890001,416.5310059,2.3199899,2.4723401,3.2960801,22.4853001,22.9386997,1.94073,409.894989,0.959562,3.5536799,11.5893002,10.6548996,447.375,20.8992996,0.324231,65.8662033,3.09515,304.6950073,10.0359001,2063.219971,3.0172501,37.6968994,1.13433,17.3526001,42.2686005,108.5029984,-155.8670044,-69.2232971,4
308835.8479,4611498.573,13203,14172,17539,45,17.1369991,14.5600004,1.9,0.29,775,3.0999999,0.56,3.03,50,5.1999998,20.1000004,14.8000002,454,2.3800001,2,3.46,23.6000004,24.7000008,1.29,393,0.93,3.8900001,9.6000004,11.6000004,438,18.1000004,0.35,68.25,2.3180001,319,9.6000004,1980,3,38.5999985,1.3,17.7999992,43.7999992,130,-157.1060028,-59.2085991,4
472835.8479,4611498.573,12052,12415,15560,44,12,16.5,2.3,0.3,514,2.27,0.17,3.8699999,50,6.5900002,20.3999996,9.1099997,249,2.78,10,1.84,23.7000008,10,1.13,353,0.88,3.73,6.9400001,9.5500002,400,9.3999996,0.13,65.2900009,1.1,322,4.8499999,1820,1.7,45.2999992,0.82,20.2999992,34,101,-170.0930023,14.1429996,4
473835.8479,4610498.573,13003,13446,16323,43.1791992,18.6818008,15.7684002,4.2821598,0.760749,509.8179932,2.22997,0.2575,3.86641,55,7.6781402,28.4783993,13.1569004,317.4240112,3.27068,12.0359001,1.84284,21.9426994,11.4034004,1.54501,442.7160034,1.16637,3.6428599,7.98032,12.9947004,445.8529968,10.1605997,0.144285,63.6389008,1.1571701,309,5.3906398,2292.850098,1.82143,56.9459991,1.25179,19.9818001,47.348999,118.177002,-170.0899963,18.5590992,4
464835.8479,4609498.573,12800,13272,16314,52,18,14.6899996,4.0999999,1.3,674,2.9200001,0.68,3.5599999,60,7.5,27.7000008,13.3999996,336,3.3,14,2.51,22.2000008,12.1000004,1.28,467,0.94,3.3599999,11.5,12.3999996,533,16,0.23,66.1999969,2.4000001,280,10.6999998,2840,2.7,55.5999985,1,31,53.9000015,158,-171.8860016,30.6982002,4
471835.8479,4609498.573,12838,13119,15468,44.7442017,14.7026997,15.1912003,4.9172502,0.640871,516.335022,2.2167301,0.279054,3.6499801,60.8825989,6.9404602,25.8365002,11.7327003,278.9549866,2.9468901,11.7411003,1.83065,21.9626007,9.9189901,1.38717,418.1929932,0.811959,3.6439199,8.0904703,11.6406002,434.3129883,9.8522501,0.157697,64.4440994,1.22883,306.8829956,5.6764398,2212.27002,1.86717,51.3324013,0.999822,19.9270992,43.5499001,110.6880035,-170.5119934,14.9860001,4
465835.8479,4608498.573,12934,13733,16888,46.6068001,15.1858997,14.2540998,4.1748199,0.80721,679.4910278,2.9021599,0.583207,3.1935599,60.3577003,7.33988,30.2625999,14.2861004,351.928009,3.19713,11.6786003,2.4967899,22.0499992,11.7891998,1.32248,438.7900085,0.883227,3.3924899,11.2054996,12.6785002,526.572998,13.5180998,0.157498,66.6429977,2.00721,268.0339966,10.3664999,2741.810059,2.5285299,54.8572006,1.1743,27.4034004,49.6397018,147.9299927,-171.3679962,16.5744991,4
397835.8479,4607498.573,13045,14164,15390,64.6869965,4.7444801,65.231102,0.387426,0.387426,14.9827003,3.44574,15.5193005,4.7444801,36.9127007,10.0143003,71.2549973,15.3975,374.2909851,3.44574,2.6858001,3.1035099,23.4915009,11.1843996,2.2102699,528.7789917,1.08886,3.49403,8.3140602,25.4402008,516.2979736,16.2626991,0.188247,15.5193005,1.55161,395.7130127,7.0608201,1333.869995,1.9325,62.6544991,0.702037,18.0020008,46.6110001,116.6470032,-154.4909973,418.618988,4
467835.8479,4607498.573,12992,13928,16579,43.1688995,12.2566004,13.8533001,4.9949098,0.864481,630.5079956,2.8471301,0.584809,2.9398301,56.3623009,6.81109,27.0226994,12.7960997,357.4500122,2.97208,10.6480999,2.59863,21.7717991,11.2981005,1.27841,392.4719849,0.769737,3.4051099,11.0895004,11.6747999,523.2420044,12.6358004,0.143444,67.0258026,1.96848,237.0700073,11.2315998,2625.689941,2.4082201,49.0616989,1.30319,25.1371002,46.8428993,141.7059937,-171.128006,-0.608244,4
376835.8479,4606498.573,13931,15035,18343,66.6539001,4.0962,67.0645981,0.345415,0.345415,9.7323904,2.7690799,15.0500002,4.0962,51.9748001,7.5025301,46.8558998,10.224,294.8980103,2.7690799,3.6199501,2.07039,20.8017998,8.4349604,1.68966,416.4519958,0.581493,4.1578898,7.6710901,17.3572998,498.3190002,15.3158998,0.180728,15.0500002,1.23049,389.427002,5.51579,1467.939941,1.42634,46.8334999,0.598318,17.8903999,37.5209007,134.7510071,-155.8939972,-53.3937988,4
377835.8479,4606498.573,15912,20956,20622,66.5358963,4.1178098,67.0222015,0.35502,0.35502,11.0710001,2.7813599,15.0327997,4.1178098,48.071701,7.29988,43.4864006,11.4996004,300.7839966,2.7813599,3.3571601,2.0404201,21.0175991,8.0608797,1.63357,422.4920044,0.563575,4.18927,7.8071299,17.1569996,520.4840088,14.9933004,0.186427,15.0327997,1.22149,394.3890076,5.6357002,1515.76001,1.47141,47.0269012,0.59392,18.5422993,38.642601,137.4989929,-156.0919952,-58.8255005,4
378835.8479,4606498.573,17493,17811,18444,66.4171982,4.1486201,66.9751968,0.358971,0.358971,12.3597002,2.8085599,14.9610004,4.1486201,45.7450981,7.1444802,41.4126015,12.7526999,311.7380066,2.8085599,3.1663201,2.01424,21.2551003,7.8025899,1.59394,430.3420105,0.563928,4.2006001,7.9861999,17.2737999,543.3359985,14.6959,0.193062,14.9610004,1.19216,398.0299988,5.8323102,1595.689941,1.53968,47.5382004,0.599341,19.3150005,39.9578018,142.5500031,-156.1719971,-76.3518982,4
379835.8479,4606498.573,17202,25875,21452,66.5354996,4.1578598,67.1446991,0.360024,0.360024,12.7505999,2.7753401,14.9982004,4.1578598,44.9980011,7.2177901,42.5178986,13.1506004,312.8580017,2.7753401,3.14275,1.9654,21.2677994,7.7357602,1.6407,429.4259949,0.5518,4.1968002,8.0714703,18.1891994,524.335022,15.1178999,0.177862,14.9982004,1.2772599,396.4689941,5.8856301,1538.02002,1.4893,46.6531982,0.553211,18.8250999,40.3036995,137.076004,-156.2539978,-89.7369003,4
397835.8479,4606498.573,13164,14442,15671,63.6427994,5.0760899,64.0791016,0.448232,0.448232,14.5356998,3.4835801,15.6353998,5.0760899,38.7494011,10.6396999,84.7197037,14.9785995,395.0759888,3.4835801,2.9287,2.8863699,22.6711998,11.2035999,2.52336,517.28302,1.00744,3.55107,8.2963104,31.4015999,550.6370239,15.4071999,0.181786,15.6353998,1.50993,396.0020142,6.4783702,1861.910034,1.86069,62.2923012,0.618535,17.9067993,49.0292015,136.072998,-154.3580017,304.5509949,4
398835.8479,4606498.573,13340,15711,17326,63.3730011,5.1388302,63.9137993,0.402661,0.402661,14.2847004,3.55951,15.7369003,5.1388302,38.8395004,10.4673996,66.5531006,14.7879,392.6400146,3.55951,2.81633,2.82634,22.1284008,11.1759005,2.40295,524.5189819,1.02879,3.6150701,8.3042297,24.5375996,570.0980225,14.7037001,0.172205,15.7369003,1.42738,378.3070068,6.3450298,2032.430054,1.84199,65.3114014,0.629466,18.8547001,49.5663986,147.9499969,-154.3880005,309.1669922,4
401835.8479,4606498.573,14646,18069,20072,62.8208008,5.5648499,63.1637001,0.397864,0.397864,15.1787004,3.86428,14.9553003,5.5648499,47.8947983,10.5320997,40.1870003,15.4502001,403.6430054,3.86428,3.2144699,2.5407,21.6035995,12.0031996,2.3833499,562.4990234,1.00752,3.5599899,9.3287096,16.4645996,679.3699951,12.9498997,0.194643,14.9553003,1.42476,380.0780029,6.01437,2301.469971,1.8607399,73.0751038,0.763915,21.0498009,53.6439018,173.4620056,-154.8170013,322.006012,4
402835.8479,4606498.573,13089,13986,15646,63.3025017,5.4073901,63.5637016,0.403239,0.403239,15.7579002,3.97751,14.6929998,5.4073901,51.0351982,10.2289,38.4804993,16.0007,414.3280029,3.97751,3.15363,2.4791,21.7147007,12.3113003,2.3172901,578.9710083,1.0567,3.5290501,9.5813599,16.3484993,707.1749878,13.2734003,0.200679,14.6929998,1.52702,377.0559998,5.8811898,2284.889893,1.85689,75.4009018,0.806905,21.8717995,55.5788994,189.9160004,-155.0829926,265.894989,4
468835.8479,4606498.573,12801,13506,16383,42.6040001,12.6721001,13.9675999,6.4605098,0.947537,628.1619873,2.96966,0.607104,2.85532,54.0498009,6.6125302,27.3542995,12.9856005,410.4389954,3.01227,10.7763004,2.61443,22.8878994,11.9091997,1.25506,386.7860107,0.900608,3.3719101,10.7346001,11.5830002,520.8510132,12.0136995,0.195978,66.9860001,1.70661,238.2579956,10.9050999,2589.949951,2.62765,49.5294991,1.47069,24.5842991,45.2915993,138.220993,-170.4799957,-23.4629002,4
591835.8479,4606498.573,11994,13636,18168,68.2157974,18.5793991,10.6405001,4.1026101,0.91079,970.2180176,1.72493,0.481119,3.7902501,60.1380997,6.1561499,68.4857025,21.7080994,292.2890015,2.411,4.7140498,2.73455,14.5022001,10.4568005,1.10817,423.1289978,7.8594999,2.8378201,6.9656601,12.9860001,472.3710022,20.4750996,0.34748,69.839798,1.63925,280.0639954,6.8959899,1397.599976,1.74563,44.0443993,0.807491,11.8702002,24.9424,82.2493973,-199.772995,-57.9515991,4
592835.8479,4606498.573,11872,12954,16481,70.3077011,18.8572998,10.4322004,4.5061898,0.773406,1021.919983,1.7977999,0.247526,3.6320701,61.6792984,6.1062398,71.341301,19.5244007,265.7470093,2.3171799,5.0499301,2.7860899,15.8088999,10.4637003,1.03909,427.9110107,8.5724602,2.8022201,6.4348502,13.5616999,481.6270142,19.7817001,0.391359,71.2630997,1.61296,274.7170105,6.62115,1331.930054,1.7333699,44.9901009,0.800838,12.1198997,23.4361992,79.7913971,-200.2129974,-55.455101,4
597835.8479,4606498.573,12813,15252,18390,68.5737,24.8838997,9.7242603,4.3131599,0.9,910.7150269,1.68203,0.30955,3.77303,62.3520012,3.98153,79.7072983,18.5347996,291.9599915,2.2027099,4.4278698,2.5826099,13.6044998,11.7671003,0.937409,408.0100098,10.1384001,2.72139,5.8776999,10.6101999,442.9819946,18.1630993,0.311804,71.4505005,1.57495,257.519989,6.9321699,1258.729981,1.76781,36.5546989,0.681071,11.4154997,24.3691006,75.5350037,-202.0310059,-46.2475014,4
470835.8479,4605498.573,13029,13995,16645,40,12,14.3599997,8,0.5,626,2.97,0.7,2.78,50,4.9499998,19.7999992,9.0299997,386,2.3599999,13,2.5799999,23.5,10.3000002,0.96,316,0.68,3.3199999,9.46,8.4399996,421,11,0.21,66.8399963,1.3,241,10.6999998,1890,2.4000001,38.2999992,2.5999999,23,35,125,-169.7799988,-44.8825989,4
592835.8479,4605498.573,11639,11891,14042,90,11.5,8.8100004,4.1799998,0.6,986,1.9,0.11,2.5799999,34,4.6799998,71.9000015,15.7399998,218,1.52,4,2.5799999,14,7.1999998,0.57,333,11.0600004,2.52,4.8600001,9.0799999,366,22.0100002,0.41,77.75,1.1,217,5.8699999,801,1,34.3499985,0.66,11.6099997,15.1999998,66,-199.1609955,-46.0489006,4
593835.8479,4605498.573,12170,13983,17224,70.7630005,21.5769005,9.2491703,4.8022199,1.21828,1033.479981,1.4602799,0.183227,3.4444399,61.6478004,5.3326001,84.1849976,17.5345001,232.8990021,1.91517,4.7472801,2.5548899,11.7493,9.6236696,0.774499,413.0780029,10.6184998,2.5576501,5.5151701,10.6408005,400.3179932,18.8129005,0.432449,73.6634979,1.58954,234.9559937,6.0515299,1090.599976,1.56876,40.1590004,0.73446,11.3871002,19.4713993,71.2365036,-199.2779999,-34.3137016,4
594835.8479,4605498.573,11884,12700,15477,50,21.5,8.46,5.6900001,2.0999999,1199,0.7,0.12,4.25,85,5.3600001,105.2600021,15.8299999,207,1.73,6,2.5699999,8.3000002,10,0.69,450,12.8800001,2.3599999,5.1199999,8.4099998,361,16.0100002,0.52,71.7900009,2.0999999,218,5.9499998,1019,1.8,42.3699989,0.69,10.79,17.2000008,68,-199.6269989,-37.2900009,4
595835.8479,4605498.573,12264,14105,17340,69.5001984,22.5095997,9.1009703,5.2058501,1.3591599,1063.869995,1.2714601,0.170175,3.78968,66.6747971,4.2252202,88.5559006,16.4932003,233.9579926,1.87423,4.45892,2.6184101,9.1507301,10.2511997,0.724285,409.4559937,11.3559999,2.5342801,5.4394202,10.2308998,382.6690063,16.9244003,0.453849,72.8584976,1.63147,229.7709961,5.8166699,1063.839966,1.71605,35.9333,0.696845,10.7545996,19.7224998,72.0633011,-199.923996,-29.8831005,4
596835.8479,4605498.573,11709,12225,14784,80,13.1999998,8.8999996,4.7399998,1,1029,1.3,0.17,3.8499999,50,1.85,82.3700027,13.6800003,232,1.48,4,2.78,4.8000002,8.8999996,0.5,309,11.9099998,2.55,5.02,8.5,328,15.7399998,0.43,73.8799973,1.3,218,4.6999998,779,1.48,20.3600006,0.6,9.1099997,16.7999992,70,-200.3939972,-36.7494011,4
598835.8479,4605498.573,12340,14842,18076,60,26.7999992,9.6300001,2.8800001,0.6,726,1.7,0.18,2.1400001,37,1.83,78.7399979,12.3500004,179,1.37,1,3.1099999,11,8.3999996,0.51,254,9.9399996,2.71,5.3299999,8.3000002,318,24.0200005,0.18,76.8700027,1.2,182,8.3500004,789,1.52,22.3199997,0.66,11.5200005,12.8000002,67,-201.6470032,-43.8978996,4
599835.8479,4605498.573,12292,14127,16393,62.2881012,26.3945999,9.2715502,3.42243,0.593553,773.5009766,1.67004,0.258262,3.2948799,58.0702019,3.60549,80.8420029,16.6431007,287.1159973,1.89384,5.58951,2.5455201,11.0445004,11.1104002,0.855139,358.9769897,10.059,2.7058201,5.9327998,11.0242004,381.769989,19.0757008,0.241035,73.8536987,1.34431,227.6159973,6.2625699,1088.030029,1.65207,29.1574001,0.716473,11.9167004,23.1961994,72.5641022,-202.0070038,-47.6952019,4
593835.8479,4604498.573,12353,14173,18040,72.8572998,28.3108997,8.8289204,4.2502198,1.17855,932.3099976,1.55001,0.173214,2.9449401,65.1063004,5.5124798,88.3337021,17.2481003,234.5359955,1.9139,4.4286098,2.4221301,11.1321001,10.3428001,0.757132,416.3519897,10.0839005,2.5153501,5.5395899,11.4538002,394.0710144,18.6240997,0.398561,75.3506012,1.52141,216.5700073,6.1289701,1118.949951,1.6185499,37.9376984,0.749992,11.4892998,20.3568993,72.6424026,-198.2359924,-36.1194992,4
595835.8479,4604498.573,12302,14310,17458,76.4269028,26.1685009,8.7246304,5.2762899,1.2964799,1033.579956,1.43217,0.173936,3.2862501,67.5736008,4.76652,90.259201,16.8586998,231.6470032,1.93077,3.3926599,2.5692501,9.7753401,10.7180996,0.731803,434.3299866,11.0811005,2.4867799,5.66079,11.7398996,374.2160034,17.3981991,0.483565,74.4672012,1.61786,212.746994,5.91082,1116.359985,1.75861,37.0213013,0.739666,11.2861996,21.2756004,76.2516022,-199.2380066,-34.9006996,4
597835.8479,4604498.573,12368,14395,17655,77.1468964,21.5517006,9.0402699,4.86408,1.05718,1047.939941,1.47141,0.194628,3.5139699,59.8931999,3.48998,86.7353973,16.0412998,243.1679993,1.85783,2.8926499,2.64609,9.5569096,10.7748003,0.753901,396.0859985,11.1497002,2.5160401,5.6789498,10.9761,375.3850098,17.7821999,0.423987,73.5969009,1.48575,215.5339966,6.1336799,1077.800049,1.7364399,32.3670998,0.71071,11.2870998,20.7535,75.464798,-200.3800049,-39.1405983,4
598835.8479,4604498.573,12924,15739,18666,72.7652969,23.1280003,9.1614304,4.1642599,0.956809,1033.589966,1.45234,0.205879,3.52948,58.7201004,3.34374,86.707901,15.8685999,250.3560028,1.87517,2.9436901,2.64872,9.3943501,11.0494003,0.8132,367.6809998,10.6786003,2.52542,5.8071599,11.1114998,384.3880005,18.5277996,0.341362,73.1690979,1.43782,214.8800049,6.4847798,1102.75,1.7619801,31.3764,0.73543,11.5497999,20.6037006,75.9177017,-200.7109985,-44.9179993,4
599835.8479,4604498.573,12496,15244,18517,71.074501,25.4347,9.2100401,3.75859,0.939382,910.1079712,1.5178,0.230358,3.4644101,63.4990997,4.32235,87.3189011,17.0408993,311.4779968,2.0925,4.60607,2.5097201,10.1640997,12.3746996,0.969988,395.2539978,10.2245998,2.5399401,6.05897,13.4535999,410.9289856,17.5184994,0.298256,73.1112976,1.42149,220.8529968,6.1490502,1245.219971,1.74506,34.6291008,0.763582,12.0368996,24.2703991,76.7165985,-201.6269989,-47.6278992,4
600835.8479,4604498.573,12446,14926,17741,69.3125,27.7409,9.2947302,3.21942,0.890108,769.5009766,1.53816,0.241404,3.33337,67.2477036,5.40763,87.3186035,18.1749992,375.2309875,2.3266799,6.1192002,2.37953,10.3323002,13.5717001,1.12568,416.3580017,9.5962801,2.5475399,6.2823601,15.6465998,439.2399902,16.5314999,0.244173,73.0552979,1.3893501,225.2129974,5.8944898,1402.449951,1.76826,37.9930992,0.794006,12.5642004,27.8404999,77.7955017,-201.7290039,-55.3056984,4
487835.8479,4602498.573,12020,14095,17585,35.4994011,12.6000004,13.1506996,3.8285401,0.503546,506.4979858,3.7282701,0.164638,2.2067599,50.3571014,4.2845502,14.1766996,6.4285402,416.3829956,1.85031,10.8570004,4.14961,28.4395008,8.5212097,0.590694,299.4219971,0.837852,3.56071,12.967,6.90628,305.8880005,11.3926001,0.303215,71.260498,1.17141,185.1750031,5.7925301,1718.51001,1.80713,25.7919998,0.878918,33.9606018,40.9524994,198.423996,-168.848999,105.7740021,4
620835.8479,4602498.573,12209,13723,15637,62.530899,20.4365997,11.9891005,4.1040001,1.2233,1011.73999,2.2062099,0.156319,3.08269,102.8440018,4.7374101,56.830101,14.2982998,318.0280151,2.49383,3.8170099,3.3208201,24.7369995,14.3846998,1.0988801,417.4729919,5.0000901,3.20368,7.8310099,11.8546,403.7219849,15.9701004,0.549837,69.1567001,1.4053299,253.8170013,7.33672,1475.900024,0.890273,40.5542984,0.784064,15.8678999,28.6273994,119.2040024,-212.0410004,-118.5110016,4
621835.8479,4602498.573,10775,10721,14400,62.8560982,18.1082001,12.1030998,3.9631901,1.2713799,1038.709961,2.3356099,0.181411,3.0689001,124.2070007,4.9925399,55.8022003,14.0153999,334.1659851,2.5067401,4.0000601,3.4239199,26.7136993,14.4674997,1.08211,427.1239929,5.0125198,3.20893,6.6165199,11.8571997,407.0629883,16.2777004,0.461841,69.0273972,1.43922,242.2859955,7.8055601,1499.300049,0.908574,39.5388985,0.859192,16.4766998,29.9283009,125.3550034,-212.8899994,-118.4649963,4
622835.8479,4602498.573,11477,12203,15021,63.834301,15.8339005,12.2024002,3.9716001,1.3467799,1086.650024,2.4572201,0.20382,3.01897,146.1190033,5.1996598,56.1288986,13.8691998,338.0230103,2.52209,4.3004198,3.5209501,28.5240002,14.7292995,1.06014,432.9309998,5.0900402,3.2035799,7.4261799,11.9412003,408.5209961,16.7593994,0.397337,69.0839996,1.4629,229.7420044,8.3236303,1524.390015,0.906189,39.0892982,0.94936,16.906601,31.1856003,131.2449951,-213.2420044,-119.0670013,4
490835.8479,4601498.573,12744,14651,17398,39,9.1999998,12.1000004,3.4000001,0.4,465,2.71,0.1,1.05,50,3.2,9.8599997,5.4400001,483,1.46,10,4.5599999,24.1000004,8,0.25,278,0.9,3.5699999,12.6000004,5,264,11.1999998,0.21,73.3799973,1,113,4.5900002,1310,1.7,13.3999996,1.1,31.8999996,42.2000008,238,-170.8509979,67.5255966,4
598835.8479,4601498.573,11914,12660,15514,70,15.5,9.8900003,4.1300001,1.6,1028,2.2,0.18,3.5,67,3.3199999,80.0699997,19.0300007,209,2.21,2,2.8800001,12.3999996,12.8999996,0.91,484,9.4200001,2.6300001,6.29,11.1400003,457,18.1100006,0.46,73.4700012,1.9,209,4.1100001,1441,1,38.3100014,0.86,13.1700001,25.5,85,-197.6360016,-69.865097,4
614835.8479,4601498.573,12231,13144,14547,50,10.5,12.2299995,1.59,0.7,1042,2.5,0.09,2.24,25,0.640002,45.2400017,14.2600002,304,1.36,6,3.8499999,14,12.1999998,0.67,243,4.25,3.27,5.0100002,7.56001,308,23.1900005,0.1,71.7600021,1.2,287,7.4400001,887,0.84,25.8600006,0.4,9.3299999,15.5,79,-204.6179962,-113.987999,4
513835.8479,4599498.573,12876,14381,16663,35.2182007,15.0705004,9.8649597,7.3709898,0.842751,428.2990112,2.6145101,0.531727,1.47999,105.7649994,3.0676899,19.7877007,6.3376899,214.0200043,1.67055,2.76108,2.6379299,9.9893999,11.0956001,0.661176,323.8500061,0.820747,2.2709301,8.7058096,11.2820997,220.3150024,9.6815796,0.250321,79.004303,0.948048,133.8840027,6.8432698,1513.050049,1.68027,24.5814991,0.942582,16.7588005,33.0303001,215.052002,-185.6130066,9.8137798,4
396835.8479,4597498.573,13179,13467,14909,62,5.71,62.5499992,0.2,0.2,16,3.99,15.6599998,5.71,40,12.6999998,74.1999969,16.7999992,364,3.99,2,2.55,22.1000004,10,2.8800001,573,0.82,3.6199999,8.5,27.1000004,625,11.1000004,0.3,15.6599998,1.786,481,5.0999999,2900,1.9,78.0999985,0.5,17.5,47.2000008,148,-153.102005,-56.6050987,4
397835.8479,4597498.573,13537,14374,15772,61.0768013,5.8083,61.8330002,0.629607,0.629607,15.3465996,4.13341,15.1457996,5.8083,38.4025993,12.5531998,67.8019028,16.0303993,377.8460083,4.13341,2.94578,2.3961799,22.0608997,11.3196001,2.99137,592.8560181,0.715217,3.6056499,8.84482,27.7831001,695.7739868,11.0754004,0.282819,15.1457996,1.90143,459.276001,6.37642,2816.080078,1.90109,84.1547012,0.642183,19.3139992,48.8269005,144.526001,-153.4869995,-48.2094002,4
481835.8479,4597498.573,13844,16260,17958,38.1175995,26.4964008,13.7146997,6.7644901,1.2212,488.3129883,2.64692,0.221225,4.9803801,52.1421013,9.0281897,32.5248985,13.5122995,467.7369995,4.01653,10.1524,2.7039399,22.4801006,13.0496998,1.83833,485.2990112,1.2851,3.48471,14.8295002,14.0332003,615.9680176,11.1181002,0.617254,63.3512993,1.41035,331.6180115,7.5187898,4095.149902,2.28248,63.9222984,1.06809,31.1396999,54.0737991,200.8500061,-160.8600006,-10.2941999,4
484835.8479,4596498.573,13016,13763,16432,38,20,11.8199997,5.5,1.2,548,2.75,0.11,4.9000001,50,5.96,23.3999996,11.3999996,409,2.72,10,3.05,20.6000004,7.9000001,1.02,345,1.2,3.55,13.3000002,9.9200001,434,9.8000002,0.38,66.6500015,1.2,280,6.6599998,2460,2.5,40.7000008,0.83,31.3999996,41.5999985,228,-161.6779938,-30.7462997,4
